TimestampInUtc,pv
2022-01-01 00:00:00,0.0
2022-01-01 01:00:00,0.0
2022-01-01 02:00:00,0.0
2022-01-01 03:00:00,0.0
2022-01-01 04:00:00,0.0
2022-01-01 05:00:00,0.0
2022-01-01 06:00:00,0.0
2022-01-01 07:00:00,0.7523605780606886
2022-01-01 08:00:00,5.089474782645993
2022-01-01 09:00:00,9.940235215202847
2022-01-01 10:00:00,12.484794464047809
2022-01-01 11:00:00,76.87441802036665
2022-01-01 12:00:00,72.54277838199232
2022-01-01 13:00:00,76.17640851332908
2022-01-01 14:00:00,31.24618100011685
2022-01-01 15:00:00,4.274346671229068
2022-01-01 16:00:00,0.0
2022-01-01 17:00:00,0.0
2022-01-01 18:00:00,0.0
2022-01-01 19:00:00,0.0
2022-01-01 20:00:00,0.0
2022-01-01 21:00:00,0.0
2022-01-01 22:00:00,0.0
2022-01-01 23:00:00,0.0
2022-01-02 00:00:00,0.0
2022-01-02 01:00:00,0.0
2022-01-02 02:00:00,0.0
2022-01-02 03:00:00,0.0
2022-01-02 04:00:00,0.0
2022-01-02 05:00:00,0.0
2022-01-02 06:00:00,0.0
2022-01-02 07:00:00,0.3709166666667442
2022-01-02 08:00:00,11.987591716275347
2022-01-02 09:00:00,38.48542125147833
2022-01-02 10:00:00,51.34810373641267
2022-01-02 11:00:00,108.78866343885966
2022-01-02 12:00:00,87.95741520795127
2022-01-02 13:00:00,56.71179393514103
2022-01-02 14:00:00,24.951432742149336
2022-01-02 15:00:00,0.5336980329611832
2022-01-02 16:00:00,0.0
2022-01-02 17:00:00,0.0
2022-01-02 18:00:00,0.0
2022-01-02 19:00:00,0.0
2022-01-02 20:00:00,0.0
2022-01-02 21:00:00,0.0
2022-01-02 22:00:00,0.0
2022-01-02 23:00:00,0.0
2022-01-03 00:00:00,0.0
2022-01-03 01:00:00,0.0
2022-01-03 02:00:00,0.0
2022-01-03 03:00:00,0.0
2022-01-03 04:00:00,0.0
2022-01-03 05:00:00,0.0
2022-01-03 06:00:00,0.0
2022-01-03 07:00:00,0.2600000000002183
2022-01-03 08:00:00,8.494659483802025
2022-01-03 09:00:00,21.50220554102816
2022-01-03 10:00:00,39.27652241025862
2022-01-03 11:00:00,40.41549304697946
2022-01-03 12:00:00,39.226576232022126
2022-01-03 13:00:00,47.28422445931028
2022-01-03 14:00:00,22.385127534014828
2022-01-03 15:00:00,2.0851360591350385
2022-01-03 16:00:00,0.0
2022-01-03 17:00:00,0.0
2022-01-03 18:00:00,0.0
2022-01-03 19:00:00,0.0
2022-01-03 20:00:00,0.0
2022-01-03 21:00:00,0.0
2022-01-03 22:00:00,0.0
2022-01-03 23:00:00,0.0
2022-01-04 00:00:00,0.0
2022-01-04 01:00:00,0.0
2022-01-04 02:00:00,0.0
2022-01-04 03:00:00,0.0
2022-01-04 04:00:00,0.0
2022-01-04 05:00:00,0.0
2022-01-04 06:00:00,0.0
2022-01-04 07:00:00,0.1193333333339978
2022-01-04 08:00:00,15.473323539303237
2022-01-04 09:00:00,38.744952522383755
2022-01-04 10:00:00,49.108428195982924
2022-01-04 11:00:00,61.775790925757974
2022-01-04 12:00:00,75.42631499262097
2022-01-04 13:00:00,66.9239591209298
2022-01-04 14:00:00,26.405592976918342
2022-01-04 15:00:00,5.196596585892621
2022-01-04 16:00:00,0.0
2022-01-04 17:00:00,0.0
2022-01-04 18:00:00,0.0
2022-01-04 19:00:00,0.0
2022-01-04 20:00:00,0.0
2022-01-04 21:00:00,0.0
2022-01-04 22:00:00,0.0
2022-01-04 23:00:00,0.0
2022-01-05 00:00:00,0.0
2022-01-05 01:00:00,0.0
2022-01-05 02:00:00,0.0
2022-01-05 03:00:00,0.0
2022-01-05 04:00:00,0.0
2022-01-05 05:00:00,0.0
2022-01-05 06:00:00,0.0
2022-01-05 07:00:00,0.0
2022-01-05 08:00:00,3.29596473028505
2022-01-05 09:00:00,12.535153953951522
2022-01-05 10:00:00,13.129697332478827
2022-01-05 11:00:00,25.106543554658856
2022-01-05 12:00:00,29.06255721385969
2022-01-05 13:00:00,48.63809733876951
2022-01-05 14:00:00,43.64898690953123
2022-01-05 15:00:00,6.489154990900715
2022-01-05 16:00:00,0.0
2022-01-05 17:00:00,0.0
2022-01-05 18:00:00,0.0
2022-01-05 19:00:00,0.0
2022-01-05 20:00:00,0.0
2022-01-05 21:00:00,0.0
2022-01-05 22:00:00,0.0
2022-01-05 23:00:00,0.0
2022-01-06 00:00:00,0.0
2022-01-06 01:00:00,0.0
2022-01-06 02:00:00,0.0
2022-01-06 03:00:00,0.0
2022-01-06 04:00:00,0.0
2022-01-06 05:00:00,0.0
2022-01-06 06:00:00,0.0
2022-01-06 07:00:00,1.2347841491828149
2022-01-06 08:00:00,13.524068329294096
2022-01-06 09:00:00,40.51113653823995
2022-01-06 10:00:00,49.20349846936733
2022-01-06 11:00:00,74.8395540973761
2022-01-06 12:00:00,99.23914920958123
2022-01-06 13:00:00,68.57519308826522
2022-01-06 14:00:00,36.68529977004437
2022-01-06 15:00:00,10.322039154056256
2022-01-06 16:00:00,0.1078181818193115
2022-01-06 17:00:00,0.0
2022-01-06 18:00:00,0.0
2022-01-06 19:00:00,0.0
2022-01-06 20:00:00,0.0
2022-01-06 21:00:00,0.0
2022-01-06 22:00:00,0.0
2022-01-06 23:00:00,0.0
2022-01-07 00:00:00,0.0
2022-01-07 01:00:00,0.0
2022-01-07 02:00:00,0.0
2022-01-07 03:00:00,0.0
2022-01-07 04:00:00,0.0
2022-01-07 05:00:00,0.0
2022-01-07 06:00:00,0.0
2022-01-07 07:00:00,0.3649729729731916
2022-01-07 08:00:00,13.881258751822315
2022-01-07 09:00:00,15.000675847404636
2022-01-07 10:00:00,39.49326415946416
2022-01-07 11:00:00,62.48877859126878
2022-01-07 12:00:00,66.90612099120335
2022-01-07 13:00:00,48.96073102234004
2022-01-07 14:00:00,19.892396750488842
2022-01-07 15:00:00,2.7179537539195735
2022-01-07 16:00:00,0.0
2022-01-07 17:00:00,0.0
2022-01-07 18:00:00,0.0
2022-01-07 19:00:00,0.0
2022-01-07 20:00:00,0.0
2022-01-07 21:00:00,0.0
2022-01-07 22:00:00,0.0
2022-01-07 23:00:00,0.0
2022-01-08 00:00:00,0.0
2022-01-08 01:00:00,0.0
2022-01-08 02:00:00,0.0
2022-01-08 03:00:00,0.0
2022-01-08 04:00:00,0.0
2022-01-08 05:00:00,0.0
2022-01-08 06:00:00,0.0
2022-01-08 07:00:00,0.3420217391285405
2022-01-08 08:00:00,8.919953817043279
2022-01-08 09:00:00,36.26460721589683
2022-01-08 10:00:00,59.544784644429456
2022-01-08 11:00:00,88.27364408794165
2022-01-08 12:00:00,111.28368495747054
2022-01-08 13:00:00,77.0110001280591
2022-01-08 14:00:00,34.797521736923954
2022-01-08 15:00:00,7.368347585761512
2022-01-08 16:00:00,0.0146666666660166
2022-01-08 17:00:00,0.0
2022-01-08 18:00:00,0.0
2022-01-08 19:00:00,0.0
2022-01-08 20:00:00,0.0
2022-01-08 21:00:00,0.0
2022-01-08 22:00:00,0.0
2022-01-08 23:00:00,0.0
2022-01-09 00:00:00,0.0
2022-01-09 01:00:00,0.0
2022-01-09 02:00:00,0.0
2022-01-09 03:00:00,0.0
2022-01-09 04:00:00,0.0
2022-01-09 05:00:00,0.0
2022-01-09 06:00:00,0.0
2022-01-09 07:00:00,0.7982916666660458
2022-01-09 08:00:00,25.563425084175833
2022-01-09 09:00:00,36.67382164407172
2022-01-09 10:00:00,36.507964106971485
2022-01-09 11:00:00,41.50493258313509
2022-01-09 12:00:00,53.24950898158204
2022-01-09 13:00:00,39.51266910631966
2022-01-09 14:00:00,18.495991120242252
2022-01-09 15:00:00,5.3980134345401884
2022-01-09 16:00:00,0.0
2022-01-09 17:00:00,0.0
2022-01-09 18:00:00,0.0
2022-01-09 19:00:00,0.0
2022-01-09 20:00:00,0.0
2022-01-09 21:00:00,0.0
2022-01-09 22:00:00,0.0
2022-01-09 23:00:00,0.0
2022-01-10 00:00:00,0.0
2022-01-10 01:00:00,0.0
2022-01-10 02:00:00,0.0
2022-01-10 03:00:00,0.0
2022-01-10 04:00:00,0.0
2022-01-10 05:00:00,0.0
2022-01-10 06:00:00,0.0
2022-01-10 07:00:00,0.0
2022-01-10 08:00:00,3.739357972135622
2022-01-10 09:00:00,13.776709474786912
2022-01-10 10:00:00,54.417509017886914
2022-01-10 11:00:00,79.64364241865769
2022-01-10 12:00:00,97.00236858299104
2022-01-10 13:00:00,68.69263025974215
2022-01-10 14:00:00,37.45870077300424
2022-01-10 15:00:00,13.200369341848273
2022-01-10 16:00:00,0.1969565217405033
2022-01-10 17:00:00,0.0
2022-01-10 18:00:00,0.0
2022-01-10 19:00:00,0.0
2022-01-10 20:00:00,0.0
2022-01-10 21:00:00,0.0
2022-01-10 22:00:00,0.0
2022-01-10 23:00:00,0.0
2022-01-11 00:00:00,0.0
2022-01-11 01:00:00,0.0
2022-01-11 02:00:00,0.0
2022-01-11 03:00:00,0.0
2022-01-11 04:00:00,0.0
2022-01-11 05:00:00,0.0
2022-01-11 06:00:00,0.0
2022-01-11 07:00:00,1.177144979010336
2022-01-11 08:00:00,11.347188827825448
2022-01-11 09:00:00,13.937667705060448
2022-01-11 10:00:00,15.515874267493928
2022-01-11 11:00:00,105.47687513730853
2022-01-11 12:00:00,106.66694197200195
2022-01-11 13:00:00,83.27945478760739
2022-01-11 14:00:00,44.62740911095534
2022-01-11 15:00:00,6.90177841014156
2022-01-11 16:00:00,0.2194133333323407
2022-01-11 17:00:00,0.0
2022-01-11 18:00:00,0.0
2022-01-11 19:00:00,0.0
2022-01-11 20:00:00,0.0
2022-01-11 21:00:00,0.0
2022-01-11 22:00:00,0.0
2022-01-11 23:00:00,0.0
2022-01-12 00:00:00,0.0
2022-01-12 01:00:00,0.0
2022-01-12 02:00:00,0.0
2022-01-12 03:00:00,0.0
2022-01-12 04:00:00,0.0
2022-01-12 05:00:00,0.0
2022-01-12 06:00:00,0.0
2022-01-12 07:00:00,0.5435414012754336
2022-01-12 08:00:00,16.94812807964263
2022-01-12 09:00:00,46.79653776023406
2022-01-12 10:00:00,36.54713158850427
2022-01-12 11:00:00,106.21042415891861
2022-01-12 12:00:00,111.93766248572501
2022-01-12 13:00:00,93.34784227158161
2022-01-12 14:00:00,45.73313594037245
2022-01-12 15:00:00,6.5689259963801305
2022-01-12 16:00:00,0.2868131868126511
2022-01-12 17:00:00,0.0
2022-01-12 18:00:00,0.0
2022-01-12 19:00:00,0.0
2022-01-12 20:00:00,0.0
2022-01-12 21:00:00,0.0
2022-01-12 22:00:00,0.0
2022-01-12 23:00:00,0.0
2022-01-13 00:00:00,0.0
2022-01-13 01:00:00,0.0
2022-01-13 02:00:00,0.0
2022-01-13 03:00:00,0.0
2022-01-13 04:00:00,0.0
2022-01-13 05:00:00,0.0
2022-01-13 06:00:00,0.0
2022-01-13 07:00:00,0.0
2022-01-13 08:00:00,6.364124063937197
2022-01-13 09:00:00,23.04641086414631
2022-01-13 10:00:00,34.8935948605249
2022-01-13 11:00:00,46.39198143340036
2022-01-13 12:00:00,55.2056712558624
2022-01-13 13:00:00,43.316557078505866
2022-01-13 14:00:00,30.414148109321104
2022-01-13 15:00:00,9.969623325796421
2022-01-13 16:00:00,0.2339622641520691
2022-01-13 17:00:00,0.0
2022-01-13 18:00:00,0.0
2022-01-13 19:00:00,0.0
2022-01-13 20:00:00,0.0
2022-01-13 21:00:00,0.0
2022-01-13 22:00:00,0.0
2022-01-13 23:00:00,0.0
2022-01-14 00:00:00,0.0
2022-01-14 01:00:00,0.0
2022-01-14 02:00:00,0.0
2022-01-14 03:00:00,0.0
2022-01-14 04:00:00,0.0
2022-01-14 05:00:00,0.0
2022-01-14 06:00:00,0.0
2022-01-14 07:00:00,0.1838536585382826
2022-01-14 08:00:00,4.101549970640917
2022-01-14 09:00:00,20.470672808529343
2022-01-14 10:00:00,49.52302341736868
2022-01-14 11:00:00,80.01923432661715
2022-01-14 12:00:00,115.95379604779009
2022-01-14 13:00:00,84.00388281191772
2022-01-14 14:00:00,48.08207976690392
2022-01-14 15:00:00,6.4251565794838825
2022-01-14 16:00:00,0.2787519999983487
2022-01-14 17:00:00,0.0
2022-01-14 18:00:00,0.0
2022-01-14 19:00:00,0.0
2022-01-14 20:00:00,0.0
2022-01-14 21:00:00,0.0
2022-01-14 22:00:00,0.0
2022-01-14 23:00:00,0.0
2022-01-15 00:00:00,0.0
2022-01-15 01:00:00,0.0
2022-01-15 02:00:00,0.0
2022-01-15 03:00:00,0.0
2022-01-15 04:00:00,0.0
2022-01-15 05:00:00,0.0
2022-01-15 06:00:00,0.0
2022-01-15 07:00:00,0.0
2022-01-15 08:00:00,3.9200723198337073
2022-01-15 09:00:00,19.48623536818559
2022-01-15 10:00:00,35.65248560208056
2022-01-15 11:00:00,47.53737250102131
2022-01-15 12:00:00,49.590196383363946
2022-01-15 13:00:00,37.172161536862404
2022-01-15 14:00:00,28.930773183630663
2022-01-15 15:00:00,6.606566113056032
2022-01-15 16:00:00,0.0
2022-01-15 17:00:00,0.0
2022-01-15 18:00:00,0.0
2022-01-15 19:00:00,0.0
2022-01-15 20:00:00,0.0
2022-01-15 21:00:00,0.0
2022-01-15 22:00:00,0.0
2022-01-15 23:00:00,0.0
2022-01-16 00:00:00,0.0
2022-01-16 01:00:00,0.0
2022-01-16 02:00:00,0.0
2022-01-16 03:00:00,0.0
2022-01-16 04:00:00,0.0
2022-01-16 05:00:00,0.0
2022-01-16 06:00:00,0.0
2022-01-16 07:00:00,0.0
2022-01-16 08:00:00,2.7867406141485844
2022-01-16 09:00:00,15.048226546863589
2022-01-16 10:00:00,36.71928472657237
2022-01-16 11:00:00,40.290888044612075
2022-01-16 12:00:00,37.454444170147326
2022-01-16 13:00:00,33.55795361670971
2022-01-16 14:00:00,24.646637760932208
2022-01-16 15:00:00,17.143810469635355
2022-01-16 16:00:00,0.4064444444447872
2022-01-16 17:00:00,0.0
2022-01-16 18:00:00,0.0
2022-01-16 19:00:00,0.0
2022-01-16 20:00:00,0.0
2022-01-16 21:00:00,0.0
2022-01-16 22:00:00,0.0
2022-01-16 23:00:00,0.0
2022-01-17 00:00:00,0.0
2022-01-17 01:00:00,0.0
2022-01-17 02:00:00,0.0
2022-01-17 03:00:00,0.0
2022-01-17 04:00:00,0.0
2022-01-17 05:00:00,0.0
2022-01-17 06:00:00,0.0
2022-01-17 07:00:00,1.586329195404687
2022-01-17 08:00:00,14.486865320301149
2022-01-17 09:00:00,38.341868947991316
2022-01-17 10:00:00,82.61488028386884
2022-01-17 11:00:00,112.6574289862292
2022-01-17 12:00:00,109.25974769292225
2022-01-17 13:00:00,86.81544309839956
2022-01-17 14:00:00,52.176889350059355
2022-01-17 15:00:00,10.382177340368798
2022-01-17 16:00:00,0.5921555555578379
2022-01-17 17:00:00,0.0
2022-01-17 18:00:00,0.0
2022-01-17 19:00:00,0.0
2022-01-17 20:00:00,0.0
2022-01-17 21:00:00,0.0
2022-01-17 22:00:00,0.0
2022-01-17 23:00:00,0.0
2022-01-18 00:00:00,0.0
2022-01-18 01:00:00,0.0
2022-01-18 02:00:00,0.0
2022-01-18 03:00:00,0.0
2022-01-18 04:00:00,0.0
2022-01-18 05:00:00,0.0
2022-01-18 06:00:00,0.0
2022-01-18 07:00:00,0.3234609929095313
2022-01-18 08:00:00,10.40512493503411
2022-01-18 09:00:00,26.18548890755119
2022-01-18 10:00:00,48.91081576273427
2022-01-18 11:00:00,87.63077312166206
2022-01-18 12:00:00,61.054898092381336
2022-01-18 13:00:00,88.25862762492763
2022-01-18 14:00:00,48.40697259612352
2022-01-18 15:00:00,13.202294860890106
2022-01-18 16:00:00,0.2827346938793198
2022-01-18 17:00:00,0.0
2022-01-18 18:00:00,0.0
2022-01-18 19:00:00,0.0
2022-01-18 20:00:00,0.0
2022-01-18 21:00:00,0.0
2022-01-18 22:00:00,0.0
2022-01-18 23:00:00,0.0
2022-01-19 00:00:00,0.0
2022-01-19 01:00:00,0.0
2022-01-19 02:00:00,0.0
2022-01-19 03:00:00,0.0
2022-01-19 04:00:00,0.0
2022-01-19 05:00:00,0.0
2022-01-19 06:00:00,0.0
2022-01-19 07:00:00,0.2411272727258619
2022-01-19 08:00:00,10.590759836461075
2022-01-19 09:00:00,31.23530542781009
2022-01-19 10:00:00,56.185838849662105
2022-01-19 11:00:00,63.88705463565202
2022-01-19 12:00:00,73.59487135586824
2022-01-19 13:00:00,87.78383906371528
2022-01-19 14:00:00,47.45139323368858
2022-01-19 15:00:00,13.771846165247553
2022-01-19 16:00:00,0.7539180035637401
2022-01-19 17:00:00,0.0
2022-01-19 18:00:00,0.0
2022-01-19 19:00:00,0.0
2022-01-19 20:00:00,0.0
2022-01-19 21:00:00,0.0
2022-01-19 22:00:00,0.0
2022-01-19 23:00:00,0.0
2022-01-20 00:00:00,0.0
2022-01-20 01:00:00,0.0
2022-01-20 02:00:00,0.0
2022-01-20 03:00:00,0.0
2022-01-20 04:00:00,0.0
2022-01-20 05:00:00,0.0
2022-01-20 06:00:00,0.0
2022-01-20 07:00:00,0.0865000000012514
2022-01-20 08:00:00,6.7807595555823355
2022-01-20 09:00:00,11.946644592568191
2022-01-20 10:00:00,16.85231476275294
2022-01-20 11:00:00,21.76950929148734
2022-01-20 12:00:00,19.609326460307784
2022-01-20 13:00:00,13.582448601999204
2022-01-20 14:00:00,11.574891622960422
2022-01-20 15:00:00,7.956750829664088
2022-01-20 16:00:00,0.0686666666661039
2022-01-20 17:00:00,0.0
2022-01-20 18:00:00,0.0
2022-01-20 19:00:00,0.0
2022-01-20 20:00:00,0.0
2022-01-20 21:00:00,0.0
2022-01-20 22:00:00,0.0
2022-01-20 23:00:00,0.0
2022-01-21 00:00:00,0.0
2022-01-21 01:00:00,0.0
2022-01-21 02:00:00,0.0
2022-01-21 03:00:00,0.0
2022-01-21 04:00:00,0.0
2022-01-21 05:00:00,0.0
2022-01-21 06:00:00,0.0
2022-01-21 07:00:00,1.114883720929356
2022-01-21 08:00:00,11.158379651886207
2022-01-21 09:00:00,18.100897044860176
2022-01-21 10:00:00,27.002488082369382
2022-01-21 11:00:00,73.24148355649595
2022-01-21 12:00:00,150.60858082752748
2022-01-21 13:00:00,139.84738391039718
2022-01-21 14:00:00,63.02841740135773
2022-01-21 15:00:00,11.260978236183291
2022-01-21 16:00:00,1.4309272445825627
2022-01-21 17:00:00,0.0
2022-01-21 18:00:00,0.0
2022-01-21 19:00:00,0.0
2022-01-21 20:00:00,0.0
2022-01-21 21:00:00,0.0
2022-01-21 22:00:00,0.0
2022-01-21 23:00:00,0.0
2022-01-22 00:00:00,0.0
2022-01-22 01:00:00,0.0
2022-01-22 02:00:00,0.0
2022-01-22 03:00:00,0.0
2022-01-22 04:00:00,0.0
2022-01-22 05:00:00,0.0
2022-01-22 06:00:00,0.0
2022-01-22 07:00:00,0.4099854014602897
2022-01-22 08:00:00,10.83446139901207
2022-01-22 09:00:00,33.15975411469117
2022-01-22 10:00:00,56.722960503379
2022-01-22 11:00:00,85.6459671757002
2022-01-22 12:00:00,95.72845855094783
2022-01-22 13:00:00,98.2103210986279
2022-01-22 14:00:00,61.83773773398934
2022-01-22 15:00:00,23.276278262532287
2022-01-22 16:00:00,2.1448497675155522
2022-01-22 17:00:00,0.0
2022-01-22 18:00:00,0.0
2022-01-22 19:00:00,0.0
2022-01-22 20:00:00,0.0
2022-01-22 21:00:00,0.0
2022-01-22 22:00:00,0.0
2022-01-22 23:00:00,0.0
2022-01-23 00:00:00,0.0
2022-01-23 01:00:00,0.0
2022-01-23 02:00:00,0.0
2022-01-23 03:00:00,0.0
2022-01-23 04:00:00,0.0
2022-01-23 05:00:00,0.0
2022-01-23 06:00:00,0.0
2022-01-23 07:00:00,1.017673321235634
2022-01-23 08:00:00,19.19051337199926
2022-01-23 09:00:00,41.0239641444532
2022-01-23 10:00:00,75.75463140974534
2022-01-23 11:00:00,129.64939778805638
2022-01-23 12:00:00,124.05531323970354
2022-01-23 13:00:00,98.00134516259277
2022-01-23 14:00:00,62.017058593803085
2022-01-23 15:00:00,17.114035513950512
2022-01-23 16:00:00,1.4280643678139313
2022-01-23 17:00:00,0.0
2022-01-23 18:00:00,0.0
2022-01-23 19:00:00,0.0
2022-01-23 20:00:00,0.0
2022-01-23 21:00:00,0.0
2022-01-23 22:00:00,0.0
2022-01-23 23:00:00,0.0
2022-01-24 00:00:00,0.0
2022-01-24 01:00:00,0.0
2022-01-24 02:00:00,0.0
2022-01-24 03:00:00,0.0
2022-01-24 04:00:00,0.0
2022-01-24 05:00:00,0.0
2022-01-24 06:00:00,0.0
2022-01-24 07:00:00,0.5138133333348378
2022-01-24 08:00:00,9.158057515316614
2022-01-24 09:00:00,26.975462951653753
2022-01-24 10:00:00,39.158366971154464
2022-01-24 11:00:00,51.81031300334507
2022-01-24 12:00:00,59.36913057557467
2022-01-24 13:00:00,68.59180873128571
2022-01-24 14:00:00,70.7094977583547
2022-01-24 15:00:00,21.180343118143355
2022-01-24 16:00:00,0.9633068379516772
2022-01-24 17:00:00,0.0
2022-01-24 18:00:00,0.0
2022-01-24 19:00:00,0.0
2022-01-24 20:00:00,0.0
2022-01-24 21:00:00,0.0
2022-01-24 22:00:00,0.0
2022-01-24 23:00:00,0.0
2022-01-25 00:00:00,0.0
2022-01-25 01:00:00,0.0
2022-01-25 02:00:00,0.0
2022-01-25 03:00:00,0.0
2022-01-25 04:00:00,0.0
2022-01-25 05:00:00,0.0
2022-01-25 06:00:00,0.0
2022-01-25 07:00:00,0.0
2022-01-25 08:00:00,6.488257051078108
2022-01-25 09:00:00,23.75876101481117
2022-01-25 10:00:00,40.948640205311676
2022-01-25 11:00:00,49.038786565477494
2022-01-25 12:00:00,46.409833261910535
2022-01-25 13:00:00,46.801357000964344
2022-01-25 14:00:00,35.33560399066482
2022-01-25 15:00:00,13.693103088029602
2022-01-25 16:00:00,0.7205797101451026
2022-01-25 17:00:00,0.0
2022-01-25 18:00:00,0.0
2022-01-25 19:00:00,0.0
2022-01-25 20:00:00,0.0
2022-01-25 21:00:00,0.0
2022-01-25 22:00:00,0.0
2022-01-25 23:00:00,0.0
2022-01-26 00:00:00,0.0
2022-01-26 01:00:00,0.0
2022-01-26 02:00:00,0.0
2022-01-26 03:00:00,0.0
2022-01-26 04:00:00,0.0
2022-01-26 05:00:00,0.0
2022-01-26 06:00:00,0.0
2022-01-26 07:00:00,0.0
2022-01-26 08:00:00,6.898140782988776
2022-01-26 09:00:00,26.63381448312066
2022-01-26 10:00:00,45.11062915004368
2022-01-26 11:00:00,55.75802021180061
2022-01-26 12:00:00,62.28813035334315
2022-01-26 13:00:00,53.78557416321928
2022-01-26 14:00:00,36.12352375145201
2022-01-26 15:00:00,15.454721776775841
2022-01-26 16:00:00,0.8325410628021926
2022-01-26 17:00:00,0.0
2022-01-26 18:00:00,0.0
2022-01-26 19:00:00,0.0
2022-01-26 20:00:00,0.0
2022-01-26 21:00:00,0.0
2022-01-26 22:00:00,0.0
2022-01-26 23:00:00,0.0
2022-01-27 00:00:00,0.0
2022-01-27 01:00:00,0.0
2022-01-27 02:00:00,0.0
2022-01-27 03:00:00,0.0
2022-01-27 04:00:00,0.0
2022-01-27 05:00:00,0.0
2022-01-27 06:00:00,0.0
2022-01-27 07:00:00,0.9864263547351584
2022-01-27 08:00:00,10.097030794146121
2022-01-27 09:00:00,27.448771073803073
2022-01-27 10:00:00,45.279201873949205
2022-01-27 11:00:00,55.01894625209388
2022-01-27 12:00:00,70.38631949033152
2022-01-27 13:00:00,87.66554820834062
2022-01-27 14:00:00,63.598694712487486
2022-01-27 15:00:00,25.358139563002624
2022-01-27 16:00:00,1.9321066666670956
2022-01-27 17:00:00,0.0
2022-01-27 18:00:00,0.0
2022-01-27 19:00:00,0.0
2022-01-27 20:00:00,0.0
2022-01-27 21:00:00,0.0
2022-01-27 22:00:00,0.0
2022-01-27 23:00:00,0.0
2022-01-28 00:00:00,0.0
2022-01-28 01:00:00,0.0
2022-01-28 02:00:00,0.0
2022-01-28 03:00:00,0.0
2022-01-28 04:00:00,0.0
2022-01-28 05:00:00,0.0
2022-01-28 06:00:00,0.0
2022-01-28 07:00:00,0.6679354838706786
2022-01-28 08:00:00,10.299972365533904
2022-01-28 09:00:00,15.310174912956427
2022-01-28 10:00:00,101.87395023266436
2022-01-28 11:00:00,130.16738733705643
2022-01-28 12:00:00,130.37365202841465
2022-01-28 13:00:00,115.08602052961942
2022-01-28 14:00:00,92.15596590349014
2022-01-28 15:00:00,40.72248580089945
2022-01-28 16:00:00,6.846271912920201
2022-01-28 17:00:00,0.0
2022-01-28 18:00:00,0.0
2022-01-28 19:00:00,0.0
2022-01-28 20:00:00,0.0
2022-01-28 21:00:00,0.0
2022-01-28 22:00:00,0.0
2022-01-28 23:00:00,0.0
2022-01-29 00:00:00,0.0
2022-01-29 01:00:00,0.0
2022-01-29 02:00:00,0.0
2022-01-29 03:00:00,0.0
2022-01-29 04:00:00,0.0
2022-01-29 05:00:00,0.0
2022-01-29 06:00:00,0.0
2022-01-29 07:00:00,4.301096703111398
2022-01-29 08:00:00,29.4068889370501
2022-01-29 09:00:00,54.811343538287474
2022-01-29 10:00:00,109.01601399969513
2022-01-29 11:00:00,143.27841256571628
2022-01-29 12:00:00,139.9290658513528
2022-01-29 13:00:00,112.5797576271143
2022-01-29 14:00:00,76.06032335488999
2022-01-29 15:00:00,27.98233283189984
2022-01-29 16:00:00,3.7137503805752208
2022-01-29 17:00:00,0.0
2022-01-29 18:00:00,0.0
2022-01-29 19:00:00,0.0
2022-01-29 20:00:00,0.0
2022-01-29 21:00:00,0.0
2022-01-29 22:00:00,0.0
2022-01-29 23:00:00,0.0
2022-01-30 00:00:00,0.0
2022-01-30 01:00:00,0.0
2022-01-30 02:00:00,0.0
2022-01-30 03:00:00,0.0
2022-01-30 04:00:00,0.0
2022-01-30 05:00:00,0.0
2022-01-30 06:00:00,0.0
2022-01-30 07:00:00,0.4378876404480252
2022-01-30 08:00:00,19.34000572500372
2022-01-30 09:00:00,45.65451860868052
2022-01-30 10:00:00,68.05256500143878
2022-01-30 11:00:00,107.85640573383716
2022-01-30 12:00:00,129.68435838551522
2022-01-30 13:00:00,76.01486793814911
2022-01-30 14:00:00,41.47056257847726
2022-01-30 15:00:00,19.53852785370691
2022-01-30 16:00:00,2.373385221675562
2022-01-30 17:00:00,0.0
2022-01-30 18:00:00,0.0
2022-01-30 19:00:00,0.0
2022-01-30 20:00:00,0.0
2022-01-30 21:00:00,0.0
2022-01-30 22:00:00,0.0
2022-01-30 23:00:00,0.0
2022-01-31 00:00:00,0.0
2022-01-31 01:00:00,0.0
2022-01-31 02:00:00,0.0
2022-01-31 03:00:00,0.0
2022-01-31 04:00:00,0.0
2022-01-31 05:00:00,0.0
2022-01-31 06:00:00,0.0
2022-01-31 07:00:00,1.3399711083438888
2022-01-31 08:00:00,6.147472640383057
2022-01-31 09:00:00,15.025385614164406
2022-01-31 10:00:00,36.38693833730213
2022-01-31 11:00:00,46.87312259675309
2022-01-31 12:00:00,29.65704236383681
2022-01-31 13:00:00,36.56702605322789
2022-01-31 14:00:00,21.089004031073273
2022-01-31 15:00:00,18.75646210031482
2022-01-31 16:00:00,1.0474191176472232
2022-01-31 17:00:00,0.0
2022-01-31 18:00:00,0.0
2022-01-31 19:00:00,0.0
2022-01-31 20:00:00,0.0
2022-01-31 21:00:00,0.0
2022-01-31 22:00:00,0.0
2022-01-31 23:00:00,0.0
2022-02-01 00:00:00,0.0
2022-02-01 01:00:00,0.0
2022-02-01 02:00:00,0.0
2022-02-01 03:00:00,0.0
2022-02-01 04:00:00,0.0
2022-02-01 05:00:00,0.0
2022-02-01 06:00:00,0.0
2022-02-01 07:00:00,0.1937454545441141
2022-02-01 08:00:00,6.550563093645906
2022-02-01 09:00:00,20.65976063355265
2022-02-01 10:00:00,34.573662486374815
2022-02-01 11:00:00,43.65885556527792
2022-02-01 12:00:00,41.76268654179512
2022-02-01 13:00:00,50.601514823294565
2022-02-01 14:00:00,21.52978248337604
2022-02-01 15:00:00,5.498778334593226
2022-02-01 16:00:00,0.0471111111110076
2022-02-01 17:00:00,0.0
2022-02-01 18:00:00,0.0
2022-02-01 19:00:00,0.0
2022-02-01 20:00:00,0.0
2022-02-01 21:00:00,0.0
2022-02-01 22:00:00,0.0
2022-02-01 23:00:00,0.0
2022-02-02 00:00:00,0.0
2022-02-02 01:00:00,0.0
2022-02-02 02:00:00,0.0
2022-02-02 03:00:00,0.0
2022-02-02 04:00:00,0.0
2022-02-02 05:00:00,0.0
2022-02-02 06:00:00,0.0
2022-02-02 07:00:00,0.0
2022-02-02 08:00:00,0.3106037735851714
2022-02-02 09:00:00,3.2568776726584474
2022-02-02 10:00:00,6.838403312081937
2022-02-02 11:00:00,8.852796216764546
2022-02-02 12:00:00,11.45932233098938
2022-02-02 13:00:00,7.9513846394802385
2022-02-02 14:00:00,5.527578604651353
2022-02-02 15:00:00,1.991061816122965
2022-02-02 16:00:00,0.0
2022-02-02 17:00:00,0.0
2022-02-02 18:00:00,0.0
2022-02-02 19:00:00,0.0
2022-02-02 20:00:00,0.0
2022-02-02 21:00:00,0.0
2022-02-02 22:00:00,0.0
2022-02-02 23:00:00,0.0
2022-02-03 00:00:00,0.0
2022-02-03 01:00:00,0.0
2022-02-03 02:00:00,0.0
2022-02-03 03:00:00,0.0
2022-02-03 04:00:00,0.0
2022-02-03 05:00:00,0.0
2022-02-03 06:00:00,0.0
2022-02-03 07:00:00,13.116185847735323
2022-02-03 08:00:00,34.073734540565056
2022-02-03 09:00:00,62.59985389858775
2022-02-03 10:00:00,121.94992522199391
2022-02-03 11:00:00,112.52206836422192
2022-02-03 12:00:00,116.2299810711047
2022-02-03 13:00:00,114.1397321358163
2022-02-03 14:00:00,68.81456591988172
2022-02-03 15:00:00,31.494465723400936
2022-02-03 16:00:00,5.821836503931991
2022-02-03 17:00:00,0.0
2022-02-03 18:00:00,0.0
2022-02-03 19:00:00,0.0
2022-02-03 20:00:00,0.0
2022-02-03 21:00:00,0.0
2022-02-03 22:00:00,0.0
2022-02-03 23:00:00,0.0
2022-02-04 00:00:00,0.0
2022-02-04 01:00:00,0.0
2022-02-04 02:00:00,0.0
2022-02-04 03:00:00,0.0
2022-02-04 04:00:00,0.0
2022-02-04 05:00:00,0.0
2022-02-04 06:00:00,0.0
2022-02-04 07:00:00,0.2588282828291994
2022-02-04 08:00:00,13.746615158299392
2022-02-04 09:00:00,44.992634516209364
2022-02-04 10:00:00,58.15955041750567
2022-02-04 11:00:00,71.04984399652676
2022-02-04 12:00:00,79.77613731574456
2022-02-04 13:00:00,94.21186382353335
2022-02-04 14:00:00,80.57260482317724
2022-02-04 15:00:00,42.77315814784379
2022-02-04 16:00:00,2.6973011841073458
2022-02-04 17:00:00,0.0
2022-02-04 18:00:00,0.0
2022-02-04 19:00:00,0.0
2022-02-04 20:00:00,0.0
2022-02-04 21:00:00,0.0
2022-02-04 22:00:00,0.0
2022-02-04 23:00:00,0.0
2022-02-05 00:00:00,0.0
2022-02-05 01:00:00,0.0
2022-02-05 02:00:00,0.0
2022-02-05 03:00:00,0.0
2022-02-05 04:00:00,0.0
2022-02-05 05:00:00,0.0
2022-02-05 06:00:00,0.0
2022-02-05 07:00:00,2.090835294853605
2022-02-05 08:00:00,27.10334145982779
2022-02-05 09:00:00,61.1470345762682
2022-02-05 10:00:00,94.16094799902203
2022-02-05 11:00:00,114.32282078220305
2022-02-05 12:00:00,97.77266320172203
2022-02-05 13:00:00,94.60848680629715
2022-02-05 14:00:00,74.37402489177475
2022-02-05 15:00:00,39.280069356405875
2022-02-05 16:00:00,6.8196555568647454
2022-02-05 17:00:00,0.0
2022-02-05 18:00:00,0.0
2022-02-05 19:00:00,0.0
2022-02-05 20:00:00,0.0
2022-02-05 21:00:00,0.0
2022-02-05 22:00:00,0.0
2022-02-05 23:00:00,0.0
2022-02-06 00:00:00,0.0
2022-02-06 01:00:00,0.0
2022-02-06 02:00:00,0.0
2022-02-06 03:00:00,0.0
2022-02-06 04:00:00,0.0
2022-02-06 05:00:00,0.0
2022-02-06 06:00:00,0.1455652173899579
2022-02-06 07:00:00,8.4467376666762
2022-02-06 08:00:00,23.375160095958563
2022-02-06 09:00:00,48.87381060937696
2022-02-06 10:00:00,141.9606606758207
2022-02-06 11:00:00,133.93523177818497
2022-02-06 12:00:00,74.90283901141811
2022-02-06 13:00:00,47.7215875638758
2022-02-06 14:00:00,32.704419678393606
2022-02-06 15:00:00,9.808302135359554
2022-02-06 16:00:00,0.2625000000007276
2022-02-06 17:00:00,0.0
2022-02-06 18:00:00,0.0
2022-02-06 19:00:00,0.0
2022-02-06 20:00:00,0.0
2022-02-06 21:00:00,0.0
2022-02-06 22:00:00,0.0
2022-02-06 23:00:00,0.0
2022-02-07 00:00:00,0.0
2022-02-07 01:00:00,0.0
2022-02-07 02:00:00,0.0
2022-02-07 03:00:00,0.0
2022-02-07 04:00:00,0.0
2022-02-07 05:00:00,0.0
2022-02-07 06:00:00,0.0
2022-02-07 07:00:00,3.0965652762388345
2022-02-07 08:00:00,17.531790159089724
2022-02-07 09:00:00,43.05436660381747
2022-02-07 10:00:00,89.13867886309527
2022-02-07 11:00:00,73.0860454920803
2022-02-07 12:00:00,124.63724990257833
2022-02-07 13:00:00,176.71395212624702
2022-02-07 14:00:00,101.04882250043738
2022-02-07 15:00:00,45.201902057175175
2022-02-07 16:00:00,8.931421307395794
2022-02-07 17:00:00,0.0
2022-02-07 18:00:00,0.0
2022-02-07 19:00:00,0.0
2022-02-07 20:00:00,0.0
2022-02-07 21:00:00,0.0
2022-02-07 22:00:00,0.0
2022-02-07 23:00:00,0.0
2022-02-08 00:00:00,0.0
2022-02-08 01:00:00,0.0
2022-02-08 02:00:00,0.0
2022-02-08 03:00:00,0.0
2022-02-08 04:00:00,0.0
2022-02-08 05:00:00,0.0
2022-02-08 06:00:00,0.0
2022-02-08 07:00:00,7.084927165895351
2022-02-08 08:00:00,47.537329848673835
2022-02-08 09:00:00,49.297200758504914
2022-02-08 10:00:00,139.4279150793991
2022-02-08 11:00:00,167.13709195235424
2022-02-08 12:00:00,165.1810908479565
2022-02-08 13:00:00,135.85705012080507
2022-02-08 14:00:00,94.96138228075142
2022-02-08 15:00:00,45.52569297455557
2022-02-08 16:00:00,9.155625330662588
2022-02-08 17:00:00,0.0
2022-02-08 18:00:00,0.0
2022-02-08 19:00:00,0.0
2022-02-08 20:00:00,0.0
2022-02-08 21:00:00,0.0
2022-02-08 22:00:00,0.0
2022-02-08 23:00:00,0.0
2022-02-09 00:00:00,0.0
2022-02-09 01:00:00,0.0
2022-02-09 02:00:00,0.0
2022-02-09 03:00:00,0.0
2022-02-09 04:00:00,0.0
2022-02-09 05:00:00,0.0
2022-02-09 06:00:00,0.0
2022-02-09 07:00:00,5.6508329709213285
2022-02-09 08:00:00,45.25110884361493
2022-02-09 09:00:00,65.67884173439234
2022-02-09 10:00:00,142.9707148380876
2022-02-09 11:00:00,168.78405842549546
2022-02-09 12:00:00,166.64933948307225
2022-02-09 13:00:00,137.09803763365198
2022-02-09 14:00:00,97.57915516545108
2022-02-09 15:00:00,47.1540695784679
2022-02-09 16:00:00,9.933114759467571
2022-02-09 17:00:00,0.0
2022-02-09 18:00:00,0.0
2022-02-09 19:00:00,0.0
2022-02-09 20:00:00,0.0
2022-02-09 21:00:00,0.0
2022-02-09 22:00:00,0.0
2022-02-09 23:00:00,0.0
2022-02-10 00:00:00,0.0
2022-02-10 01:00:00,0.0
2022-02-10 02:00:00,0.0
2022-02-10 03:00:00,0.0
2022-02-10 04:00:00,0.0
2022-02-10 05:00:00,0.0
2022-02-10 06:00:00,0.0
2022-02-10 07:00:00,6.600091421743856
2022-02-10 08:00:00,50.966006872753496
2022-02-10 09:00:00,76.77681395100444
2022-02-10 10:00:00,141.85636162766605
2022-02-10 11:00:00,165.51281507165913
2022-02-10 12:00:00,164.50568874260716
2022-02-10 13:00:00,134.54612123775223
2022-02-10 14:00:00,95.43684557344022
2022-02-10 15:00:00,46.71108900348554
2022-02-10 16:00:00,10.210868810190732
2022-02-10 17:00:00,0.0
2022-02-10 18:00:00,0.0
2022-02-10 19:00:00,0.0
2022-02-10 20:00:00,0.0
2022-02-10 21:00:00,0.0
2022-02-10 22:00:00,0.0
2022-02-10 23:00:00,0.0
2022-02-11 00:00:00,0.0
2022-02-11 01:00:00,0.0
2022-02-11 02:00:00,0.0
2022-02-11 03:00:00,0.0
2022-02-11 04:00:00,0.0
2022-02-11 05:00:00,0.0
2022-02-11 06:00:00,0.0
2022-02-11 07:00:00,1.1530597402597778
2022-02-11 08:00:00,5.843297582039668
2022-02-11 09:00:00,16.057101858983515
2022-02-11 10:00:00,51.22292833709071
2022-02-11 11:00:00,86.08272971259066
2022-02-11 12:00:00,106.97673045464398
2022-02-11 13:00:00,124.75187484828348
2022-02-11 14:00:00,103.25804306881037
2022-02-11 15:00:00,51.40694970748882
2022-02-11 16:00:00,11.736829956942529
2022-02-11 17:00:00,0.0
2022-02-11 18:00:00,0.0
2022-02-11 19:00:00,0.0
2022-02-11 20:00:00,0.0
2022-02-11 21:00:00,0.0
2022-02-11 22:00:00,0.0
2022-02-11 23:00:00,0.0
2022-02-12 00:00:00,0.0
2022-02-12 01:00:00,0.0
2022-02-12 02:00:00,0.0
2022-02-12 03:00:00,0.0
2022-02-12 04:00:00,0.0
2022-02-12 05:00:00,0.0
2022-02-12 06:00:00,0.0
2022-02-12 07:00:00,8.367633318579465
2022-02-12 08:00:00,61.82458406078513
2022-02-12 09:00:00,105.91648958781298
2022-02-12 10:00:00,153.0198740977139
2022-02-12 11:00:00,176.09260854823515
2022-02-12 12:00:00,176.50282765377779
2022-02-12 13:00:00,146.42592026974307
2022-02-12 14:00:00,100.67930738572613
2022-02-12 15:00:00,54.370161603583256
2022-02-12 16:00:00,21.806332956686674
2022-02-12 17:00:00,0.0
2022-02-12 18:00:00,0.0
2022-02-12 19:00:00,0.0
2022-02-12 20:00:00,0.0
2022-02-12 21:00:00,0.0
2022-02-12 22:00:00,0.0
2022-02-12 23:00:00,0.0
2022-02-13 00:00:00,0.0
2022-02-13 01:00:00,0.0
2022-02-13 02:00:00,0.0
2022-02-13 03:00:00,0.0
2022-02-13 04:00:00,0.0
2022-02-13 05:00:00,0.0
2022-02-13 06:00:00,0.0
2022-02-13 07:00:00,8.776224524757708
2022-02-13 08:00:00,61.31625344748318
2022-02-13 09:00:00,111.52711467775225
2022-02-13 10:00:00,150.92998998316762
2022-02-13 11:00:00,176.2124946365584
2022-02-13 12:00:00,174.83893180289306
2022-02-13 13:00:00,147.23709204388433
2022-02-13 14:00:00,106.57992341555655
2022-02-13 15:00:00,53.9471920888609
2022-02-13 16:00:00,13.308473105542362
2022-02-13 17:00:00,0.0
2022-02-13 18:00:00,0.0
2022-02-13 19:00:00,0.0
2022-02-13 20:00:00,0.0
2022-02-13 21:00:00,0.0
2022-02-13 22:00:00,0.0
2022-02-13 23:00:00,0.0
2022-02-14 00:00:00,0.0
2022-02-14 01:00:00,0.0
2022-02-14 02:00:00,0.0
2022-02-14 03:00:00,0.0
2022-02-14 04:00:00,0.0
2022-02-14 05:00:00,0.0
2022-02-14 06:00:00,0.0418666666664648
2022-02-14 07:00:00,11.211141717583814
2022-02-14 08:00:00,61.49896552370046
2022-02-14 09:00:00,129.02239853033825
2022-02-14 10:00:00,210.97770591574226
2022-02-14 11:00:00,125.46086543002457
2022-02-14 12:00:00,136.5542766293147
2022-02-14 13:00:00,94.00809121492784
2022-02-14 14:00:00,58.02963563801313
2022-02-14 15:00:00,29.002895869212807
2022-02-14 16:00:00,8.929086629184894
2022-02-14 17:00:00,0.0
2022-02-14 18:00:00,0.0
2022-02-14 19:00:00,0.0
2022-02-14 20:00:00,0.0
2022-02-14 21:00:00,0.0
2022-02-14 22:00:00,0.0
2022-02-14 23:00:00,0.0
2022-02-15 00:00:00,0.0
2022-02-15 01:00:00,0.0
2022-02-15 02:00:00,0.0
2022-02-15 03:00:00,0.0
2022-02-15 04:00:00,0.0
2022-02-15 05:00:00,0.0
2022-02-15 06:00:00,0.0
2022-02-15 07:00:00,3.550688242416072
2022-02-15 08:00:00,16.507162271329435
2022-02-15 09:00:00,15.993953030614648
2022-02-15 10:00:00,27.740781128210074
2022-02-15 11:00:00,41.85160436373553
2022-02-15 12:00:00,46.301745219643635
2022-02-15 13:00:00,99.88453550266422
2022-02-15 14:00:00,32.53509009057598
2022-02-15 15:00:00,17.910111012555717
2022-02-15 16:00:00,6.775083018677833
2022-02-15 17:00:00,0.0
2022-02-15 18:00:00,0.0
2022-02-15 19:00:00,0.0
2022-02-15 20:00:00,0.0
2022-02-15 21:00:00,0.0
2022-02-15 22:00:00,0.0
2022-02-15 23:00:00,0.0
2022-02-16 00:00:00,0.0
2022-02-16 01:00:00,0.0
2022-02-16 02:00:00,0.0
2022-02-16 03:00:00,0.0
2022-02-16 04:00:00,0.0
2022-02-16 05:00:00,0.0
2022-02-16 06:00:00,0.0
2022-02-16 07:00:00,8.423532066597545
2022-02-16 08:00:00,20.977456524145964
2022-02-16 09:00:00,29.877181522642786
2022-02-16 10:00:00,35.556469929353625
2022-02-16 11:00:00,27.57484387043951
2022-02-16 12:00:00,31.158176337536133
2022-02-16 13:00:00,25.488279640419933
2022-02-16 14:00:00,17.431270419619977
2022-02-16 15:00:00,8.80523901694687
2022-02-16 16:00:00,0.7756846536576631
2022-02-16 17:00:00,0.0
2022-02-16 18:00:00,0.0
2022-02-16 19:00:00,0.0
2022-02-16 20:00:00,0.0
2022-02-16 21:00:00,0.0
2022-02-16 22:00:00,0.0
2022-02-16 23:00:00,0.0
2022-02-17 00:00:00,0.0
2022-02-17 01:00:00,0.0
2022-02-17 02:00:00,0.0
2022-02-17 03:00:00,0.0
2022-02-17 04:00:00,0.0
2022-02-17 05:00:00,0.0
2022-02-17 06:00:00,0.0
2022-02-17 07:00:00,3.4956918292518826
2022-02-17 08:00:00,21.475315885392774
2022-02-17 09:00:00,42.3273645563022
2022-02-17 10:00:00,46.13747816591058
2022-02-17 11:00:00,67.21807858820102
2022-02-17 12:00:00,87.15597622417408
2022-02-17 13:00:00,103.19564809963049
2022-02-17 14:00:00,145.55014060245594
2022-02-17 15:00:00,88.26137676341023
2022-02-17 16:00:00,22.302333993684442
2022-02-17 17:00:00,0.4311000000016065
2022-02-17 18:00:00,0.0
2022-02-17 19:00:00,0.0
2022-02-17 20:00:00,0.0
2022-02-17 21:00:00,0.0
2022-02-17 22:00:00,0.0
2022-02-17 23:00:00,0.0
2022-02-18 00:00:00,0.0
2022-02-18 01:00:00,0.0
2022-02-18 02:00:00,0.0
2022-02-18 03:00:00,0.0
2022-02-18 04:00:00,0.0
2022-02-18 05:00:00,0.0
2022-02-18 06:00:00,0.4833953488341649
2022-02-18 07:00:00,8.50523608734511
2022-02-18 08:00:00,36.79090118539898
2022-02-18 09:00:00,33.446621501643676
2022-02-18 10:00:00,29.39275763612386
2022-02-18 11:00:00,55.59815092124336
2022-02-18 12:00:00,110.25698571070825
2022-02-18 13:00:00,188.33069704601803
2022-02-18 14:00:00,101.0021225095843
2022-02-18 15:00:00,76.184268409168
2022-02-18 16:00:00,10.357504181789409
2022-02-18 17:00:00,0.0
2022-02-18 18:00:00,0.0
2022-02-18 19:00:00,0.0
2022-02-18 20:00:00,0.0
2022-02-18 21:00:00,0.0
2022-02-18 22:00:00,0.0
2022-02-18 23:00:00,0.0
2022-02-19 00:00:00,0.0
2022-02-19 01:00:00,0.0
2022-02-19 02:00:00,0.0
2022-02-19 03:00:00,0.0
2022-02-19 04:00:00,0.0
2022-02-19 05:00:00,0.0
2022-02-19 06:00:00,0.0
2022-02-19 07:00:00,8.015687969105784
2022-02-19 08:00:00,28.430408932021237
2022-02-19 09:00:00,68.69913565290335
2022-02-19 10:00:00,96.9383755705203
2022-02-19 11:00:00,90.23027588515835
2022-02-19 12:00:00,100.16489976150478
2022-02-19 13:00:00,96.2611492282449
2022-02-19 14:00:00,74.03293316263444
2022-02-19 15:00:00,44.60125917902042
2022-02-19 16:00:00,16.912281060569512
2022-02-19 17:00:00,0.58752000000095
2022-02-19 18:00:00,0.0
2022-02-19 19:00:00,0.0
2022-02-19 20:00:00,0.0
2022-02-19 21:00:00,0.0
2022-02-19 22:00:00,0.0
2022-02-19 23:00:00,0.0
2022-02-20 00:00:00,0.0
2022-02-20 01:00:00,0.0
2022-02-20 02:00:00,0.0
2022-02-20 03:00:00,0.0
2022-02-20 04:00:00,0.0
2022-02-20 05:00:00,0.0
2022-02-20 06:00:00,0.2036000000007334
2022-02-20 07:00:00,19.07225463407667
2022-02-20 08:00:00,42.305034668490414
2022-02-20 09:00:00,131.12458072247682
2022-02-20 10:00:00,190.06395915716712
2022-02-20 11:00:00,190.07039736591832
2022-02-20 12:00:00,206.0562346306615
2022-02-20 13:00:00,155.9317864862096
2022-02-20 14:00:00,92.5974845421515
2022-02-20 15:00:00,60.70753866213636
2022-02-20 16:00:00,21.501169995412056
2022-02-20 17:00:00,0.7603694267527316
2022-02-20 18:00:00,0.0
2022-02-20 19:00:00,0.0
2022-02-20 20:00:00,0.0
2022-02-20 21:00:00,0.0
2022-02-20 22:00:00,0.0
2022-02-20 23:00:00,0.0
2022-02-21 00:00:00,0.0
2022-02-21 01:00:00,0.0
2022-02-21 02:00:00,0.0
2022-02-21 03:00:00,0.0
2022-02-21 04:00:00,0.0
2022-02-21 05:00:00,0.0
2022-02-21 06:00:00,0.0
2022-02-21 07:00:00,0.3714474226799211
2022-02-21 08:00:00,7.495230421773158
2022-02-21 09:00:00,28.98948445894348
2022-02-21 10:00:00,54.280922890277
2022-02-21 11:00:00,47.47333101200638
2022-02-21 12:00:00,69.98475677860552
2022-02-21 13:00:00,49.827367716985464
2022-02-21 14:00:00,32.46518461710366
2022-02-21 15:00:00,15.797219869062246
2022-02-21 16:00:00,3.713291493273573
2022-02-21 17:00:00,0.0
2022-02-21 18:00:00,0.0
2022-02-21 19:00:00,0.0
2022-02-21 20:00:00,0.0
2022-02-21 21:00:00,0.0
2022-02-21 22:00:00,0.0
2022-02-21 23:00:00,0.0
2022-02-22 00:00:00,0.0
2022-02-22 01:00:00,0.0
2022-02-22 02:00:00,0.0
2022-02-22 03:00:00,0.0
2022-02-22 04:00:00,0.0
2022-02-22 05:00:00,0.0
2022-02-22 06:00:00,0.0
2022-02-22 07:00:00,7.979335555159196
2022-02-22 08:00:00,33.06799206359574
2022-02-22 09:00:00,57.070733653941716
2022-02-22 10:00:00,110.11908447816677
2022-02-22 11:00:00,132.55013033708383
2022-02-22 12:00:00,131.30248894230317
2022-02-22 13:00:00,149.59132954150846
2022-02-22 14:00:00,77.11652193561167
2022-02-22 15:00:00,33.99431381509203
2022-02-22 16:00:00,7.468173915949592
2022-02-22 17:00:00,0.0
2022-02-22 18:00:00,0.0
2022-02-22 19:00:00,0.0
2022-02-22 20:00:00,0.0
2022-02-22 21:00:00,0.0
2022-02-22 22:00:00,0.0
2022-02-22 23:00:00,0.0
2022-02-23 00:00:00,0.0
2022-02-23 01:00:00,0.0
2022-02-23 02:00:00,0.0
2022-02-23 03:00:00,0.0
2022-02-23 04:00:00,0.0
2022-02-23 05:00:00,0.0
2022-02-23 06:00:00,0.4975251798532554
2022-02-23 07:00:00,21.73692470588867
2022-02-23 08:00:00,66.11659592421347
2022-02-23 09:00:00,112.26272486823291
2022-02-23 10:00:00,176.76748252500693
2022-02-23 11:00:00,201.303364149142
2022-02-23 12:00:00,203.2324899337691
2022-02-23 13:00:00,175.58122596468456
2022-02-23 14:00:00,133.70906452396594
2022-02-23 15:00:00,50.88696444546804
2022-02-23 16:00:00,22.97690203921229
2022-02-23 17:00:00,0.641684210524545
2022-02-23 18:00:00,0.0
2022-02-23 19:00:00,0.0
2022-02-23 20:00:00,0.0
2022-02-23 21:00:00,0.0
2022-02-23 22:00:00,0.0
2022-02-23 23:00:00,0.0
2022-02-24 00:00:00,0.0
2022-02-24 01:00:00,0.0
2022-02-24 02:00:00,0.0
2022-02-24 03:00:00,0.0
2022-02-24 04:00:00,0.0
2022-02-24 05:00:00,0.0
2022-02-24 06:00:00,0.5985675675692619
2022-02-24 07:00:00,25.58258684444445
2022-02-24 08:00:00,76.93129596057406
2022-02-24 09:00:00,129.91606512043654
2022-02-24 10:00:00,144.51189094412985
2022-02-24 11:00:00,159.95924533384095
2022-02-24 12:00:00,161.47034652637376
2022-02-24 13:00:00,137.533527080348
2022-02-24 14:00:00,88.90904621991649
2022-02-24 15:00:00,71.7916727128104
2022-02-24 16:00:00,21.299421593779698
2022-02-24 17:00:00,0.686051948054228
2022-02-24 18:00:00,0.0
2022-02-24 19:00:00,0.0
2022-02-24 20:00:00,0.0
2022-02-24 21:00:00,0.0
2022-02-24 22:00:00,0.0
2022-02-24 23:00:00,0.0
2022-02-25 00:00:00,0.0
2022-02-25 01:00:00,0.0
2022-02-25 02:00:00,0.0
2022-02-25 03:00:00,0.0
2022-02-25 04:00:00,0.0
2022-02-25 05:00:00,0.0
2022-02-25 06:00:00,0.0
2022-02-25 07:00:00,7.190160461424966
2022-02-25 08:00:00,30.58277498537791
2022-02-25 09:00:00,52.13487580691435
2022-02-25 10:00:00,138.0090242509832
2022-02-25 11:00:00,135.6330211743043
2022-02-25 12:00:00,176.70287973133964
2022-02-25 13:00:00,187.8590789429436
2022-02-25 14:00:00,84.23829744964314
2022-02-25 15:00:00,31.26263353531249
2022-02-25 16:00:00,9.193055713330978
2022-02-25 17:00:00,1.176116981128871
2022-02-25 18:00:00,0.0
2022-02-25 19:00:00,0.0
2022-02-25 20:00:00,0.0
2022-02-25 21:00:00,0.0
2022-02-25 22:00:00,0.0
2022-02-25 23:00:00,0.0
2022-02-26 00:00:00,0.0
2022-02-26 01:00:00,0.0
2022-02-26 02:00:00,0.0
2022-02-26 03:00:00,0.0
2022-02-26 04:00:00,0.0
2022-02-26 05:00:00,0.0
2022-02-26 06:00:00,0.0
2022-02-26 07:00:00,7.3995276521091
2022-02-26 08:00:00,45.50193208130804
2022-02-26 09:00:00,118.74243922486494
2022-02-26 10:00:00,181.47721221795655
2022-02-26 11:00:00,223.61372706766997
2022-02-26 12:00:00,225.03703005903662
2022-02-26 13:00:00,170.8801148431594
2022-02-26 14:00:00,116.15502433723304
2022-02-26 15:00:00,80.92057460205979
2022-02-26 16:00:00,18.181387945616734
2022-02-26 17:00:00,0.8669043708650861
2022-02-26 18:00:00,0.0
2022-02-26 19:00:00,0.0
2022-02-26 20:00:00,0.0
2022-02-26 21:00:00,0.0
2022-02-26 22:00:00,0.0
2022-02-26 23:00:00,0.0
2022-02-27 00:00:00,0.0
2022-02-27 01:00:00,0.0
2022-02-27 02:00:00,0.0
2022-02-27 03:00:00,0.0
2022-02-27 04:00:00,0.0
2022-02-27 05:00:00,0.0
2022-02-27 06:00:00,1.4762368193551083
2022-02-27 07:00:00,27.34264336204069
2022-02-27 08:00:00,94.38839481581817
2022-02-27 09:00:00,153.40154393939883
2022-02-27 10:00:00,195.41284209570586
2022-02-27 11:00:00,219.84560578790115
2022-02-27 12:00:00,222.01586030847102
2022-02-27 13:00:00,184.41606742896693
2022-02-27 14:00:00,135.83681283505575
2022-02-27 15:00:00,80.22874337586836
2022-02-27 16:00:00,28.52309119315032
2022-02-27 17:00:00,1.4701413870207034
2022-02-27 18:00:00,0.0
2022-02-27 19:00:00,0.0
2022-02-27 20:00:00,0.0
2022-02-27 21:00:00,0.0
2022-02-27 22:00:00,0.0
2022-02-27 23:00:00,0.0
2022-02-28 00:00:00,0.0
2022-02-28 01:00:00,0.0
2022-02-28 02:00:00,0.0
2022-02-28 03:00:00,0.0
2022-02-28 04:00:00,0.0
2022-02-28 05:00:00,0.0
2022-02-28 06:00:00,1.3907992202730384
2022-02-28 07:00:00,36.89128792600968
2022-02-28 08:00:00,101.004102235951
2022-02-28 09:00:00,151.97262529159343
2022-02-28 10:00:00,193.65579212150624
2022-02-28 11:00:00,219.12252398733835
2022-02-28 12:00:00,223.49323084635398
2022-02-28 13:00:00,186.21386456576147
2022-02-28 14:00:00,136.8899241576437
2022-02-28 15:00:00,80.55903424308782
2022-02-28 16:00:00,28.6625255302788
2022-02-28 17:00:00,1.5267453416163337
2022-02-28 18:00:00,0.0
2022-02-28 19:00:00,0.0
2022-02-28 20:00:00,0.0
2022-02-28 21:00:00,0.0
2022-02-28 22:00:00,0.0
2022-02-28 23:00:00,0.0
2022-03-01 00:00:00,0.0
2022-03-01 01:00:00,0.0
2022-03-01 02:00:00,0.0
2022-03-01 03:00:00,0.0
2022-03-01 04:00:00,0.0
2022-03-01 05:00:00,0.0
2022-03-01 06:00:00,1.4715974415521487
2022-03-01 07:00:00,39.78927605988429
2022-03-01 08:00:00,104.14967204585992
2022-03-01 09:00:00,157.88758098496328
2022-03-01 10:00:00,201.5688918651431
2022-03-01 11:00:00,224.72497798756376
2022-03-01 12:00:00,224.22869305415225
2022-03-01 13:00:00,181.0440646178322
2022-03-01 14:00:00,139.83805524655327
2022-03-01 15:00:00,93.92820858019695
2022-03-01 16:00:00,31.649889008251193
2022-03-01 17:00:00,1.6245090909069404
2022-03-01 18:00:00,0.0
2022-03-01 19:00:00,0.0
2022-03-01 20:00:00,0.0
2022-03-01 21:00:00,0.0
2022-03-01 22:00:00,0.0
2022-03-01 23:00:00,0.0
2022-03-02 00:00:00,0.0
2022-03-02 01:00:00,0.0
2022-03-02 02:00:00,0.0
2022-03-02 03:00:00,0.0
2022-03-02 04:00:00,0.0
2022-03-02 05:00:00,0.0
2022-03-02 06:00:00,2.4426496240630513
2022-03-02 07:00:00,43.351576260909496
2022-03-02 08:00:00,110.31547431908984
2022-03-02 09:00:00,160.29813168495457
2022-03-02 10:00:00,206.08360607838404
2022-03-02 11:00:00,222.11766236151743
2022-03-02 12:00:00,205.412245725689
2022-03-02 13:00:00,183.51706535841367
2022-03-02 14:00:00,109.44367759220768
2022-03-02 15:00:00,64.30504113000643
2022-03-02 16:00:00,26.856030670162
2022-03-02 17:00:00,0.8645714285739814
2022-03-02 18:00:00,0.0
2022-03-02 19:00:00,0.0
2022-03-02 20:00:00,0.0
2022-03-02 21:00:00,0.0
2022-03-02 22:00:00,0.0
2022-03-02 23:00:00,0.0
2022-03-03 00:00:00,0.0
2022-03-03 01:00:00,0.0
2022-03-03 02:00:00,0.0
2022-03-03 03:00:00,0.0
2022-03-03 04:00:00,0.0
2022-03-03 05:00:00,0.0
2022-03-03 06:00:00,3.428374889474071
2022-03-03 07:00:00,45.603755548916524
2022-03-03 08:00:00,101.63284638209007
2022-03-03 09:00:00,156.31757244787877
2022-03-03 10:00:00,200.36647952668864
2022-03-03 11:00:00,221.74445016292157
2022-03-03 12:00:00,225.0966431605484
2022-03-03 13:00:00,189.7791640045616
2022-03-03 14:00:00,138.4703696819488
2022-03-03 15:00:00,83.11269059027109
2022-03-03 16:00:00,35.05633222659526
2022-03-03 17:00:00,2.8262402493637637
2022-03-03 18:00:00,0.0
2022-03-03 19:00:00,0.0
2022-03-03 20:00:00,0.0
2022-03-03 21:00:00,0.0
2022-03-03 22:00:00,0.0
2022-03-03 23:00:00,0.0
2022-03-04 00:00:00,0.0
2022-03-04 01:00:00,0.0
2022-03-04 02:00:00,0.0
2022-03-04 03:00:00,0.0
2022-03-04 04:00:00,0.0
2022-03-04 05:00:00,0.0
2022-03-04 06:00:00,3.2224863838710007
2022-03-04 07:00:00,43.427784486739256
2022-03-04 08:00:00,101.90033196772129
2022-03-04 09:00:00,155.94681855471572
2022-03-04 10:00:00,200.80786359852937
2022-03-04 11:00:00,222.41614343786932
2022-03-04 12:00:00,226.8099190775756
2022-03-04 13:00:00,193.35423290761537
2022-03-04 14:00:00,142.08281313131738
2022-03-04 15:00:00,89.90667284159281
2022-03-04 16:00:00,35.09395354016306
2022-03-04 17:00:00,2.6647590439315536
2022-03-04 18:00:00,0.0
2022-03-04 19:00:00,0.0
2022-03-04 20:00:00,0.0
2022-03-04 21:00:00,0.0
2022-03-04 22:00:00,0.0
2022-03-04 23:00:00,0.0
2022-03-05 00:00:00,0.0
2022-03-05 01:00:00,0.0
2022-03-05 02:00:00,0.0
2022-03-05 03:00:00,0.0
2022-03-05 04:00:00,0.0
2022-03-05 05:00:00,0.0
2022-03-05 06:00:00,4.772410799523641
2022-03-05 07:00:00,48.1073676871456
2022-03-05 08:00:00,109.29128578522796
2022-03-05 09:00:00,164.2861343253535
2022-03-05 10:00:00,208.0383640151049
2022-03-05 11:00:00,228.23141351402592
2022-03-05 12:00:00,232.1089083237457
2022-03-05 13:00:00,197.0798957313018
2022-03-05 14:00:00,145.22345700055303
2022-03-05 15:00:00,89.38810745043156
2022-03-05 16:00:00,35.01683977970242
2022-03-05 17:00:00,3.206363960489398
2022-03-05 18:00:00,0.0
2022-03-05 19:00:00,0.0
2022-03-05 20:00:00,0.0
2022-03-05 21:00:00,0.0
2022-03-05 22:00:00,0.0
2022-03-05 23:00:00,0.0
2022-03-06 00:00:00,0.0
2022-03-06 01:00:00,0.0
2022-03-06 02:00:00,0.0
2022-03-06 03:00:00,0.0
2022-03-06 04:00:00,0.0
2022-03-06 05:00:00,0.0
2022-03-06 06:00:00,7.2783320713133435
2022-03-06 07:00:00,36.981820632376184
2022-03-06 08:00:00,111.37583547749819
2022-03-06 09:00:00,159.3444768155241
2022-03-06 10:00:00,207.44112402458995
2022-03-06 11:00:00,230.24003453872137
2022-03-06 12:00:00,227.32896847795928
2022-03-06 13:00:00,196.5012958307707
2022-03-06 14:00:00,146.51864866300457
2022-03-06 15:00:00,90.02140699519805
2022-03-06 16:00:00,37.55572254488652
2022-03-06 17:00:00,3.814503809524467
2022-03-06 18:00:00,0.0
2022-03-06 19:00:00,0.0
2022-03-06 20:00:00,0.0
2022-03-06 21:00:00,0.0
2022-03-06 22:00:00,0.0
2022-03-06 23:00:00,0.0
2022-03-07 00:00:00,0.0
2022-03-07 01:00:00,0.0
2022-03-07 02:00:00,0.0
2022-03-07 03:00:00,0.0
2022-03-07 04:00:00,0.0
2022-03-07 05:00:00,0.0
2022-03-07 06:00:00,4.298061162648082
2022-03-07 07:00:00,27.272328184713842
2022-03-07 08:00:00,109.25379099041311
2022-03-07 09:00:00,172.91267743900244
2022-03-07 10:00:00,217.5309706539192
2022-03-07 11:00:00,235.45462717943155
2022-03-07 12:00:00,236.52800323908014
2022-03-07 13:00:00,204.9152121274892
2022-03-07 14:00:00,150.02175122759945
2022-03-07 15:00:00,94.14387960579916
2022-03-07 16:00:00,39.05796344823466
2022-03-07 17:00:00,4.1971133816769
2022-03-07 18:00:00,0.0
2022-03-07 19:00:00,0.0
2022-03-07 20:00:00,0.0
2022-03-07 21:00:00,0.0
2022-03-07 22:00:00,0.0
2022-03-07 23:00:00,0.0
2022-03-08 00:00:00,0.0
2022-03-08 01:00:00,0.0
2022-03-08 02:00:00,0.0
2022-03-08 03:00:00,0.0
2022-03-08 04:00:00,0.0
2022-03-08 05:00:00,0.0
2022-03-08 06:00:00,5.7659399515687255
2022-03-08 07:00:00,55.936392020572384
2022-03-08 08:00:00,120.0993797097617
2022-03-08 09:00:00,175.47623202970135
2022-03-08 10:00:00,204.50715907602716
2022-03-08 11:00:00,230.0976869869919
2022-03-08 12:00:00,228.2125102004793
2022-03-08 13:00:00,210.78747791663773
2022-03-08 14:00:00,157.66071372241277
2022-03-08 15:00:00,82.40387920014473
2022-03-08 16:00:00,21.53152576872526
2022-03-08 17:00:00,1.8992404324308154
2022-03-08 18:00:00,0.0
2022-03-08 19:00:00,0.0
2022-03-08 20:00:00,0.0
2022-03-08 21:00:00,0.0
2022-03-08 22:00:00,0.0
2022-03-08 23:00:00,0.0
2022-03-09 00:00:00,0.0
2022-03-09 01:00:00,0.0
2022-03-09 02:00:00,0.0
2022-03-09 03:00:00,0.0
2022-03-09 04:00:00,0.0
2022-03-09 05:00:00,0.0
2022-03-09 06:00:00,8.385461768848472
2022-03-09 07:00:00,57.12895550875692
2022-03-09 08:00:00,117.38463228974435
2022-03-09 09:00:00,173.42238979841204
2022-03-09 10:00:00,218.01963724223606
2022-03-09 11:00:00,236.46724295562308
2022-03-09 12:00:00,240.40774704224896
2022-03-09 13:00:00,210.27760416322417
2022-03-09 14:00:00,155.01492285071436
2022-03-09 15:00:00,97.00612563626055
2022-03-09 16:00:00,40.38065007723344
2022-03-09 17:00:00,4.489668028480082
2022-03-09 18:00:00,0.0
2022-03-09 19:00:00,0.0
2022-03-09 20:00:00,0.0
2022-03-09 21:00:00,0.0
2022-03-09 22:00:00,0.0
2022-03-09 23:00:00,0.0
2022-03-10 00:00:00,0.0
2022-03-10 01:00:00,0.0
2022-03-10 02:00:00,0.0
2022-03-10 03:00:00,0.0
2022-03-10 04:00:00,0.0
2022-03-10 05:00:00,0.0
2022-03-10 06:00:00,8.340303286531707
2022-03-10 07:00:00,57.60433333332912
2022-03-10 08:00:00,125.60645129354816
2022-03-10 09:00:00,179.1976348553435
2022-03-10 10:00:00,225.09778950839245
2022-03-10 11:00:00,243.54538902276545
2022-03-10 12:00:00,245.06298320714995
2022-03-10 13:00:00,214.34573890111642
2022-03-10 14:00:00,157.65893968916498
2022-03-10 15:00:00,98.56967766604794
2022-03-10 16:00:00,41.074049489303434
2022-03-10 17:00:00,3.6622961835746537
2022-03-10 18:00:00,0.0
2022-03-10 19:00:00,0.0
2022-03-10 20:00:00,0.0
2022-03-10 21:00:00,0.0
2022-03-10 22:00:00,0.0
2022-03-10 23:00:00,0.0
2022-03-11 00:00:00,0.0
2022-03-11 01:00:00,0.0
2022-03-11 02:00:00,0.0
2022-03-11 03:00:00,0.0
2022-03-11 04:00:00,0.0
2022-03-11 05:00:00,0.0
2022-03-11 06:00:00,13.096025549326441
2022-03-11 07:00:00,63.16637061021174
2022-03-11 08:00:00,116.0703743083941
2022-03-11 09:00:00,178.99894308624062
2022-03-11 10:00:00,222.21373204389238
2022-03-11 11:00:00,215.97149467143754
2022-03-11 12:00:00,172.68714189160528
2022-03-11 13:00:00,161.7853196590586
2022-03-11 14:00:00,127.14230836649949
2022-03-11 15:00:00,114.72936578429653
2022-03-11 16:00:00,47.70266355653439
2022-03-11 17:00:00,2.432812149352685
2022-03-11 18:00:00,0.0
2022-03-11 19:00:00,0.0
2022-03-11 20:00:00,0.0
2022-03-11 21:00:00,0.0
2022-03-11 22:00:00,0.0
2022-03-11 23:00:00,0.0
2022-03-12 00:00:00,0.0
2022-03-12 01:00:00,0.0
2022-03-12 02:00:00,0.0
2022-03-12 03:00:00,0.0
2022-03-12 04:00:00,0.0
2022-03-12 05:00:00,0.0
2022-03-12 06:00:00,16.63698613870656
2022-03-12 07:00:00,61.28919447866792
2022-03-12 08:00:00,122.70071746521717
2022-03-12 09:00:00,190.11448405093688
2022-03-12 10:00:00,198.6476800625751
2022-03-12 11:00:00,208.09017610397132
2022-03-12 12:00:00,212.34907719531475
2022-03-12 13:00:00,191.72648938157363
2022-03-12 14:00:00,153.177666015843
2022-03-12 15:00:00,107.12403318805445
2022-03-12 16:00:00,53.81711358854227
2022-03-12 17:00:00,8.212623090221314
2022-03-12 18:00:00,0.0
2022-03-12 19:00:00,0.0
2022-03-12 20:00:00,0.0
2022-03-12 21:00:00,0.0
2022-03-12 22:00:00,0.0
2022-03-12 23:00:00,0.0
2022-03-13 00:00:00,0.0
2022-03-13 01:00:00,0.0
2022-03-13 02:00:00,0.0
2022-03-13 03:00:00,0.0
2022-03-13 04:00:00,0.0
2022-03-13 05:00:00,0.0
2022-03-13 06:00:00,10.706857469289389
2022-03-13 07:00:00,64.42231841681496
2022-03-13 08:00:00,127.05410817109805
2022-03-13 09:00:00,182.68381409499125
2022-03-13 10:00:00,225.69243763195118
2022-03-13 11:00:00,244.29047139637987
2022-03-13 12:00:00,248.3981961276004
2022-03-13 13:00:00,205.08383039556793
2022-03-13 14:00:00,165.039374362299
2022-03-13 15:00:00,107.9351587833662
2022-03-13 16:00:00,37.05860956692777
2022-03-13 17:00:00,3.240171137993457
2022-03-13 18:00:00,0.0
2022-03-13 19:00:00,0.0
2022-03-13 20:00:00,0.0
2022-03-13 21:00:00,0.0
2022-03-13 22:00:00,0.0
2022-03-13 23:00:00,0.0
2022-03-14 00:00:00,0.0
2022-03-14 01:00:00,0.0
2022-03-14 02:00:00,0.0
2022-03-14 03:00:00,0.0
2022-03-14 04:00:00,0.0
2022-03-14 05:00:00,0.0
2022-03-14 06:00:00,12.519623455955298
2022-03-14 07:00:00,64.92508739077311
2022-03-14 08:00:00,133.52198383772338
2022-03-14 09:00:00,188.98229538481974
2022-03-14 10:00:00,229.75659454992274
2022-03-14 11:00:00,245.84198205187568
2022-03-14 12:00:00,250.6561184594757
2022-03-14 13:00:00,225.61520401928283
2022-03-14 14:00:00,165.02257179484877
2022-03-14 15:00:00,98.4676370263187
2022-03-14 16:00:00,50.51005125172378
2022-03-14 17:00:00,6.004491490821238
2022-03-14 18:00:00,0.0
2022-03-14 19:00:00,0.0
2022-03-14 20:00:00,0.0
2022-03-14 21:00:00,0.0
2022-03-14 22:00:00,0.0
2022-03-14 23:00:00,0.0
2022-03-15 00:00:00,0.0
2022-03-15 01:00:00,0.0
2022-03-15 02:00:00,0.0
2022-03-15 03:00:00,0.0
2022-03-15 04:00:00,0.0
2022-03-15 05:00:00,0.0
2022-03-15 06:00:00,1.873794858387555
2022-03-15 07:00:00,8.455921628556098
2022-03-15 08:00:00,7.493434808508027
2022-03-15 09:00:00,14.481011998504982
2022-03-15 10:00:00,16.356312983465614
2022-03-15 11:00:00,38.754919196348055
2022-03-15 12:00:00,77.38588564084785
2022-03-15 13:00:00,121.82281507643347
2022-03-15 14:00:00,41.430558545020176
2022-03-15 15:00:00,33.89067291439278
2022-03-15 16:00:00,20.92853431997355
2022-03-15 17:00:00,2.2424912612477783
2022-03-15 18:00:00,0.0
2022-03-15 19:00:00,0.0
2022-03-15 20:00:00,0.0
2022-03-15 21:00:00,0.0
2022-03-15 22:00:00,0.0
2022-03-15 23:00:00,0.0
2022-03-16 00:00:00,0.0
2022-03-16 01:00:00,0.0
2022-03-16 02:00:00,0.0
2022-03-16 03:00:00,0.0
2022-03-16 04:00:00,0.0
2022-03-16 05:00:00,0.0
2022-03-16 06:00:00,9.592766666668467
2022-03-16 07:00:00,58.63971111111459
2022-03-16 08:00:00,99.1224613047234
2022-03-16 09:00:00,147.8651422350231
2022-03-16 10:00:00,151.0474761301739
2022-03-16 11:00:00,167.328437691438
2022-03-16 12:00:00,167.09653941671422
2022-03-16 13:00:00,130.3668251189374
2022-03-16 14:00:00,110.30366561621486
2022-03-16 15:00:00,67.34838559606578
2022-03-16 16:00:00,31.81197614708799
2022-03-16 17:00:00,4.2146605647867545
2022-03-16 18:00:00,0.0
2022-03-16 19:00:00,0.0
2022-03-16 20:00:00,0.0
2022-03-16 21:00:00,0.0
2022-03-16 22:00:00,0.0
2022-03-16 23:00:00,0.0
2022-03-17 00:00:00,0.0
2022-03-17 01:00:00,0.0
2022-03-17 02:00:00,0.0
2022-03-17 03:00:00,0.0
2022-03-17 04:00:00,0.0
2022-03-17 05:00:00,0.0
2022-03-17 06:00:00,9.521216326145804
2022-03-17 07:00:00,43.44011563992535
2022-03-17 08:00:00,88.11537294868322
2022-03-17 09:00:00,152.0695987734507
2022-03-17 10:00:00,157.89136046697968
2022-03-17 11:00:00,175.33017007212038
2022-03-17 12:00:00,176.207645147515
2022-03-17 13:00:00,172.3617351349385
2022-03-17 14:00:00,135.08745200233534
2022-03-17 15:00:00,52.924988755985396
2022-03-17 16:00:00,17.525907901057508
2022-03-17 17:00:00,2.244227184331976
2022-03-17 18:00:00,0.0
2022-03-17 19:00:00,0.0
2022-03-17 20:00:00,0.0
2022-03-17 21:00:00,0.0
2022-03-17 22:00:00,0.0
2022-03-17 23:00:00,0.0
2022-03-18 00:00:00,0.0
2022-03-18 01:00:00,0.0
2022-03-18 02:00:00,0.0
2022-03-18 03:00:00,0.0
2022-03-18 04:00:00,0.0
2022-03-18 05:00:00,0.0
2022-03-18 06:00:00,0.1079999999928986
2022-03-18 07:00:00,3.057918827049434
2022-03-18 08:00:00,8.295219882784295
2022-03-18 09:00:00,12.730753901952994
2022-03-18 10:00:00,20.254569726384943
2022-03-18 11:00:00,23.57259334945411
2022-03-18 12:00:00,19.416033865272766
2022-03-18 13:00:00,18.491262254174217
2022-03-18 14:00:00,21.93126436296734
2022-03-18 15:00:00,13.422035237395903
2022-03-18 16:00:00,7.532633553608321
2022-03-18 17:00:00,0.5440637958527077
2022-03-18 18:00:00,0.0
2022-03-18 19:00:00,0.0
2022-03-18 20:00:00,0.0
2022-03-18 21:00:00,0.0
2022-03-18 22:00:00,0.0
2022-03-18 23:00:00,0.0
2022-03-19 00:00:00,0.0
2022-03-19 01:00:00,0.0
2022-03-19 02:00:00,0.0
2022-03-19 03:00:00,0.0
2022-03-19 04:00:00,0.0
2022-03-19 05:00:00,0.0
2022-03-19 06:00:00,14.618267767844372
2022-03-19 07:00:00,35.90484049855149
2022-03-19 08:00:00,76.48260595611646
2022-03-19 09:00:00,112.9496436444897
2022-03-19 10:00:00,145.51625607821916
2022-03-19 11:00:00,200.04593369929353
2022-03-19 12:00:00,247.4444101123663
2022-03-19 13:00:00,138.21782595921832
2022-03-19 14:00:00,60.040394794676104
2022-03-19 15:00:00,31.64571036217967
2022-03-19 16:00:00,20.61568686341343
2022-03-19 17:00:00,5.975859020763892
2022-03-19 18:00:00,0.0
2022-03-19 19:00:00,0.0
2022-03-19 20:00:00,0.0
2022-03-19 21:00:00,0.0
2022-03-19 22:00:00,0.0
2022-03-19 23:00:00,0.0
2022-03-20 00:00:00,0.0
2022-03-20 01:00:00,0.0
2022-03-20 02:00:00,0.0
2022-03-20 03:00:00,0.0
2022-03-20 04:00:00,0.0
2022-03-20 05:00:00,0.3141818181757116
2022-03-20 06:00:00,19.849334469850874
2022-03-20 07:00:00,75.36464563228947
2022-03-20 08:00:00,136.82709976950719
2022-03-20 09:00:00,186.79058753114077
2022-03-20 10:00:00,222.51419364011963
2022-03-20 11:00:00,236.96209521280252
2022-03-20 12:00:00,241.26965908205602
2022-03-20 13:00:00,217.28058885411883
2022-03-20 14:00:00,168.9055755106383
2022-03-20 15:00:00,108.55778303822444
2022-03-20 16:00:00,50.35040314073558
2022-03-20 17:00:00,8.330485598431551
2022-03-20 18:00:00,0.0
2022-03-20 19:00:00,0.0
2022-03-20 20:00:00,0.0
2022-03-20 21:00:00,0.0
2022-03-20 22:00:00,0.0
2022-03-20 23:00:00,0.0
2022-03-21 00:00:00,0.0
2022-03-21 01:00:00,0.0
2022-03-21 02:00:00,0.0
2022-03-21 03:00:00,0.0
2022-03-21 04:00:00,0.0
2022-03-21 05:00:00,0.1766315789427608
2022-03-21 06:00:00,14.753222727958928
2022-03-21 07:00:00,79.97686419280944
2022-03-21 08:00:00,132.01505373492546
2022-03-21 09:00:00,184.79877923404274
2022-03-21 10:00:00,222.26606125148828
2022-03-21 11:00:00,219.34639643698756
2022-03-21 12:00:00,206.96836571428867
2022-03-21 13:00:00,181.29282086199964
2022-03-21 14:00:00,136.7001195979974
2022-03-21 15:00:00,96.67478878542897
2022-03-21 16:00:00,44.505708343858714
2022-03-21 17:00:00,8.304141559070558
2022-03-21 18:00:00,0.0
2022-03-21 19:00:00,0.0
2022-03-21 20:00:00,0.0
2022-03-21 21:00:00,0.0
2022-03-21 22:00:00,0.0
2022-03-21 23:00:00,0.0
2022-03-22 00:00:00,0.0
2022-03-22 01:00:00,0.0
2022-03-22 02:00:00,0.0
2022-03-22 03:00:00,0.0
2022-03-22 04:00:00,0.0
2022-03-22 05:00:00,0.3418918918905547
2022-03-22 06:00:00,20.67469155267463
2022-03-22 07:00:00,79.70823445692076
2022-03-22 08:00:00,141.85943384995335
2022-03-22 09:00:00,191.81981171743246
2022-03-22 10:00:00,227.28720985364635
2022-03-22 11:00:00,241.7155319808371
2022-03-22 12:00:00,245.12202229708782
2022-03-22 13:00:00,217.2519098106277
2022-03-22 14:00:00,171.94995320786256
2022-03-22 15:00:00,111.56510087034258
2022-03-22 16:00:00,51.58412432926707
2022-03-22 17:00:00,9.191719458409352
2022-03-22 18:00:00,0.0
2022-03-22 19:00:00,0.0
2022-03-22 20:00:00,0.0
2022-03-22 21:00:00,0.0
2022-03-22 22:00:00,0.0
2022-03-22 23:00:00,0.0
2022-03-23 00:00:00,0.0
2022-03-23 01:00:00,0.0
2022-03-23 02:00:00,0.0
2022-03-23 03:00:00,0.0
2022-03-23 04:00:00,0.0
2022-03-23 05:00:00,0.3705217391252517
2022-03-23 06:00:00,22.005999854853144
2022-03-23 07:00:00,81.28716022029403
2022-03-23 08:00:00,144.93197539050016
2022-03-23 09:00:00,197.13731009940966
2022-03-23 10:00:00,232.19856297363003
2022-03-23 11:00:00,245.6753687600576
2022-03-23 12:00:00,248.69138188153738
2022-03-23 13:00:00,221.8693682605226
2022-03-23 14:00:00,174.60740553717187
2022-03-23 15:00:00,112.38308255781885
2022-03-23 16:00:00,53.047195781808114
2022-03-23 17:00:00,9.926134980341885
2022-03-23 18:00:00,0.0
2022-03-23 19:00:00,0.0
2022-03-23 20:00:00,0.0
2022-03-23 21:00:00,0.0
2022-03-23 22:00:00,0.0
2022-03-23 23:00:00,0.0
2022-03-24 00:00:00,0.0
2022-03-24 01:00:00,0.0
2022-03-24 02:00:00,0.0
2022-03-24 03:00:00,0.0
2022-03-24 04:00:00,0.0
2022-03-24 05:00:00,0.3975238095299573
2022-03-24 06:00:00,22.342175672369194
2022-03-24 07:00:00,82.43391185600194
2022-03-24 08:00:00,146.908067180324
2022-03-24 09:00:00,198.85190342935675
2022-03-24 10:00:00,232.81311417488905
2022-03-24 11:00:00,246.39382181157998
2022-03-24 12:00:00,250.76018617171212
2022-03-24 13:00:00,224.70648440493096
2022-03-24 14:00:00,176.98875407331798
2022-03-24 15:00:00,114.81611345555575
2022-03-24 16:00:00,52.93701896494895
2022-03-24 17:00:00,10.422577852092218
2022-03-24 18:00:00,0.0
2022-03-24 19:00:00,0.0
2022-03-24 20:00:00,0.0
2022-03-24 21:00:00,0.0
2022-03-24 22:00:00,0.0
2022-03-24 23:00:00,0.0
2022-03-25 00:00:00,0.0
2022-03-25 01:00:00,0.0
2022-03-25 02:00:00,0.0
2022-03-25 03:00:00,0.0
2022-03-25 04:00:00,0.0
2022-03-25 05:00:00,0.5304687500029104
2022-03-25 06:00:00,24.16544317480293
2022-03-25 07:00:00,80.64101182777085
2022-03-25 08:00:00,143.01808704368887
2022-03-25 09:00:00,195.08023632063123
2022-03-25 10:00:00,229.88843656665995
2022-03-25 11:00:00,243.20565749538946
2022-03-25 12:00:00,243.30226588020741
2022-03-25 13:00:00,214.79566475207685
2022-03-25 14:00:00,169.3644435799797
2022-03-25 15:00:00,110.64163132419344
2022-03-25 16:00:00,53.55385583751194
2022-03-25 17:00:00,11.961255962538416
2022-03-25 18:00:00,0.0
2022-03-25 19:00:00,0.0
2022-03-25 20:00:00,0.0
2022-03-25 21:00:00,0.0
2022-03-25 22:00:00,0.0
2022-03-25 23:00:00,0.0
2022-03-26 00:00:00,0.0
2022-03-26 01:00:00,0.0
2022-03-26 02:00:00,0.0
2022-03-26 03:00:00,0.0
2022-03-26 04:00:00,0.0
2022-03-26 05:00:00,0.7789781358005712
2022-03-26 06:00:00,25.988002987010987
2022-03-26 07:00:00,83.74797134617984
2022-03-26 08:00:00,146.09436176159943
2022-03-26 09:00:00,199.10970725685183
2022-03-26 10:00:00,232.7227831901546
2022-03-26 11:00:00,245.93098282821302
2022-03-26 12:00:00,243.95608131632616
2022-03-26 13:00:00,221.55553724471247
2022-03-26 14:00:00,175.91171568034042
2022-03-26 15:00:00,116.19132009189343
2022-03-26 16:00:00,55.551931990296
2022-03-26 17:00:00,12.172605121828383
2022-03-26 18:00:00,0.0
2022-03-26 19:00:00,0.0
2022-03-26 20:00:00,0.0
2022-03-26 21:00:00,0.0
2022-03-26 22:00:00,0.0
2022-03-26 23:00:00,0.0
2022-03-27 00:00:00,0.0
2022-03-27 01:00:00,0.0
2022-03-27 02:00:00,0.0
2022-03-27 03:00:00,0.0
2022-03-27 04:00:00,0.0
2022-03-27 05:00:00,1.09785706117691
2022-03-27 06:00:00,29.004037494567456
2022-03-27 07:00:00,91.16699655679986
2022-03-27 08:00:00,154.03648108409834
2022-03-27 09:00:00,204.40009067035862
2022-03-27 10:00:00,238.68530813041434
2022-03-27 11:00:00,252.85438668543065
2022-03-27 12:00:00,255.09458932682173
2022-03-27 13:00:00,227.49223522137618
2022-03-27 14:00:00,178.80793679572525
2022-03-27 15:00:00,118.06762053260172
2022-03-27 16:00:00,56.49539680068847
2022-03-27 17:00:00,12.199292511722888
2022-03-27 18:00:00,0.0
2022-03-27 19:00:00,0.0
2022-03-27 20:00:00,0.0
2022-03-27 21:00:00,0.0
2022-03-27 22:00:00,0.0
2022-03-27 23:00:00,0.0
2022-03-28 00:00:00,0.0
2022-03-28 01:00:00,0.0
2022-03-28 02:00:00,0.0
2022-03-28 03:00:00,0.0
2022-03-28 04:00:00,0.0
2022-03-28 05:00:00,2.0561695560172666
2022-03-28 06:00:00,30.666125097865006
2022-03-28 07:00:00,86.83378525571607
2022-03-28 08:00:00,149.11863612168236
2022-03-28 09:00:00,201.7442955748411
2022-03-28 10:00:00,233.30847376247402
2022-03-28 11:00:00,247.1045918398013
2022-03-28 12:00:00,249.36477661041135
2022-03-28 13:00:00,221.88914749799005
2022-03-28 14:00:00,176.20563295012107
2022-03-28 15:00:00,117.90289955031767
2022-03-28 16:00:00,53.5552565298276
2022-03-28 17:00:00,10.172406159806997
2022-03-28 18:00:00,0.0
2022-03-28 19:00:00,0.0
2022-03-28 20:00:00,0.0
2022-03-28 21:00:00,0.0
2022-03-28 22:00:00,0.0
2022-03-28 23:00:00,0.0
2022-03-29 00:00:00,0.0
2022-03-29 01:00:00,0.0
2022-03-29 02:00:00,0.0
2022-03-29 03:00:00,0.0
2022-03-29 04:00:00,0.0
2022-03-29 05:00:00,0.7593972602771828
2022-03-29 06:00:00,23.814969083294272
2022-03-29 07:00:00,55.17648605759314
2022-03-29 08:00:00,138.8046688186878
2022-03-29 09:00:00,168.9257635337708
2022-03-29 10:00:00,194.05442628194578
2022-03-29 11:00:00,236.71091760175477
2022-03-29 12:00:00,241.73640169059217
2022-03-29 13:00:00,181.35027756512864
2022-03-29 14:00:00,151.97649043369165
2022-03-29 15:00:00,67.68888012238313
2022-03-29 16:00:00,18.506340048465063
2022-03-29 17:00:00,5.388101580378134
2022-03-29 18:00:00,0.0
2022-03-29 19:00:00,0.0
2022-03-29 20:00:00,0.0
2022-03-29 21:00:00,0.0
2022-03-29 22:00:00,0.0
2022-03-29 23:00:00,0.0
2022-03-30 00:00:00,0.0
2022-03-30 01:00:00,0.0
2022-03-30 02:00:00,0.0
2022-03-30 03:00:00,0.0
2022-03-30 04:00:00,0.0
2022-03-30 05:00:00,0.2922105263132835
2022-03-30 06:00:00,12.376882404307253
2022-03-30 07:00:00,33.65094218390004
2022-03-30 08:00:00,55.869796921891975
2022-03-30 09:00:00,83.57468133738439
2022-03-30 10:00:00,108.76710586510308
2022-03-30 11:00:00,106.35681518082856
2022-03-30 12:00:00,60.1264702485787
2022-03-30 13:00:00,67.32307657091587
2022-03-30 14:00:00,111.78250687960826
2022-03-30 15:00:00,50.68576220331306
2022-03-30 16:00:00,22.748519473330816
2022-03-30 17:00:00,6.150773251618375
2022-03-30 18:00:00,0.0
2022-03-30 19:00:00,0.0
2022-03-30 20:00:00,0.0
2022-03-30 21:00:00,0.0
2022-03-30 22:00:00,0.0
2022-03-30 23:00:00,0.0
2022-03-31 00:00:00,0.0
2022-03-31 01:00:00,0.0
2022-03-31 02:00:00,0.0
2022-03-31 03:00:00,0.0
2022-03-31 04:00:00,0.0
2022-03-31 05:00:00,0.4029433962277835
2022-03-31 06:00:00,25.195181122151553
2022-03-31 07:00:00,71.24190666145296
2022-03-31 08:00:00,96.4501666748838
2022-03-31 09:00:00,136.43692674483464
2022-03-31 10:00:00,181.10405782943417
2022-03-31 11:00:00,159.19908522229525
2022-03-31 12:00:00,31.882337086237385
2022-03-31 13:00:00,63.11864300569869
2022-03-31 14:00:00,63.27368074236438
2022-03-31 15:00:00,26.70803708404128
2022-03-31 16:00:00,16.672013690898893
2022-03-31 17:00:00,0.8886480836226838
2022-03-31 18:00:00,0.0
2022-03-31 19:00:00,0.0
2022-03-31 20:00:00,0.0
2022-03-31 21:00:00,0.0
2022-03-31 22:00:00,0.0
2022-03-31 23:00:00,0.0
2022-04-01 00:00:00,0.0
2022-04-01 01:00:00,0.0
2022-04-01 02:00:00,0.0
2022-04-01 03:00:00,0.0
2022-04-01 04:00:00,0.0
2022-04-01 05:00:00,0.0
2022-04-01 06:00:00,3.34591174776142
2022-04-01 07:00:00,14.960682159944554
2022-04-01 08:00:00,38.93364243909309
2022-04-01 09:00:00,43.846470733958995
2022-04-01 10:00:00,54.16432782589982
2022-04-01 11:00:00,56.73459276497306
2022-04-01 12:00:00,81.13226685088011
2022-04-01 13:00:00,85.58535974498955
2022-04-01 14:00:00,49.86867647354666
2022-04-01 15:00:00,29.030585418848204
2022-04-01 16:00:00,14.984771763934987
2022-04-01 17:00:00,2.9475668686936842
2022-04-01 18:00:00,0.0
2022-04-01 19:00:00,0.0
2022-04-01 20:00:00,0.0
2022-04-01 21:00:00,0.0
2022-04-01 22:00:00,0.0
2022-04-01 23:00:00,0.0
2022-04-02 00:00:00,0.0
2022-04-02 01:00:00,0.0
2022-04-02 02:00:00,0.0
2022-04-02 03:00:00,0.0
2022-04-02 04:00:00,0.0
2022-04-02 05:00:00,0.0
2022-04-02 06:00:00,0.0
2022-04-02 07:00:00,0.4354236482467967
2022-04-02 08:00:00,4.835513001336949
2022-04-02 09:00:00,8.691467819953687
2022-04-02 10:00:00,11.45181107064127
2022-04-02 11:00:00,11.062009927278268
2022-04-02 12:00:00,11.412296930735465
2022-04-02 13:00:00,6.250943197941524
2022-04-02 14:00:00,8.018914666303317
2022-04-02 15:00:00,3.7967490419687238
2022-04-02 16:00:00,1.487702971600811
2022-04-02 17:00:00,0.2375882943451869
2022-04-02 18:00:00,0.0
2022-04-02 19:00:00,0.0
2022-04-02 20:00:00,0.0
2022-04-02 21:00:00,0.0
2022-04-02 22:00:00,0.0
2022-04-02 23:00:00,0.0
2022-04-03 00:00:00,0.0
2022-04-03 01:00:00,0.0
2022-04-03 02:00:00,0.0
2022-04-03 03:00:00,0.0
2022-04-03 04:00:00,0.0
2022-04-03 05:00:00,0.0
2022-04-03 06:00:00,0.0
2022-04-03 07:00:00,1.0365412991814082
2022-04-03 08:00:00,4.1448392072779825
2022-04-03 09:00:00,10.248812200210523
2022-04-03 10:00:00,18.120939432672458
2022-04-03 11:00:00,18.63773113087518
2022-04-03 12:00:00,16.45883123028034
2022-04-03 13:00:00,11.802381118905032
2022-04-03 14:00:00,13.65591271701851
2022-04-03 15:00:00,9.26208996558853
2022-04-03 16:00:00,2.77625650234404
2022-04-03 17:00:00,0.26297003125364415
2022-04-03 18:00:00,0.0
2022-04-03 19:00:00,0.0
2022-04-03 20:00:00,0.0
2022-04-03 21:00:00,0.0
2022-04-03 22:00:00,0.0
2022-04-03 23:00:00,0.0
2022-04-04 00:00:00,0.0
2022-04-04 01:00:00,0.0
2022-04-04 02:00:00,0.0
2022-04-04 03:00:00,0.0
2022-04-04 04:00:00,0.0
2022-04-04 05:00:00,0.1680659340636339
2022-04-04 06:00:00,7.7674738145578885
2022-04-04 07:00:00,31.63641359451867
2022-04-04 08:00:00,64.69639364878822
2022-04-04 09:00:00,109.19613917260722
2022-04-04 10:00:00,181.73501895778463
2022-04-04 11:00:00,262.56305279312073
2022-04-04 12:00:00,308.83077897530166
2022-04-04 13:00:00,284.6405999556446
2022-04-04 14:00:00,236.14872723679582
2022-04-04 15:00:00,163.87751626582758
2022-04-04 16:00:00,81.95125631954579
2022-04-04 17:00:00,21.836753935203888
2022-04-04 18:00:00,0.4466122448939131
2022-04-04 19:00:00,0.0
2022-04-04 20:00:00,0.0
2022-04-04 21:00:00,0.0
2022-04-04 22:00:00,0.0
2022-04-04 23:00:00,0.0
2022-04-05 00:00:00,0.0
2022-04-05 01:00:00,0.0
2022-04-05 02:00:00,0.0
2022-04-05 03:00:00,0.0
2022-04-05 04:00:00,0.0
2022-04-05 05:00:00,1.4624688172043534
2022-04-05 06:00:00,12.756058771105018
2022-04-05 07:00:00,23.67687823093729
2022-04-05 08:00:00,78.80639534375223
2022-04-05 09:00:00,124.48977760656271
2022-04-05 10:00:00,110.4821968669421
2022-04-05 11:00:00,135.62948113694438
2022-04-05 12:00:00,152.7796994430537
2022-04-05 13:00:00,145.45952351942833
2022-04-05 14:00:00,149.36720425744716
2022-04-05 15:00:00,84.3566967897932
2022-04-05 16:00:00,48.256475303001935
2022-04-05 17:00:00,10.023199153176392
2022-04-05 18:00:00,0.1138181818241719
2022-04-05 19:00:00,0.0
2022-04-05 20:00:00,0.0
2022-04-05 21:00:00,0.0
2022-04-05 22:00:00,0.0
2022-04-05 23:00:00,0.0
2022-04-06 00:00:00,0.0
2022-04-06 01:00:00,0.0
2022-04-06 02:00:00,0.0
2022-04-06 03:00:00,0.0
2022-04-06 04:00:00,0.0
2022-04-06 05:00:00,5.998566292139003
2022-04-06 06:00:00,41.99764671298908
2022-04-06 07:00:00,86.01881255488843
2022-04-06 08:00:00,164.0508519251598
2022-04-06 09:00:00,194.6145262106147
2022-04-06 10:00:00,289.6532613666204
2022-04-06 11:00:00,305.18081434225314
2022-04-06 12:00:00,301.90048359266075
2022-04-06 13:00:00,273.9325470965414
2022-04-06 14:00:00,177.55862135793723
2022-04-06 15:00:00,39.347114785719896
2022-04-06 16:00:00,20.363908021958196
2022-04-06 17:00:00,8.030777117368416
2022-04-06 18:00:00,0.0
2022-04-06 19:00:00,0.0
2022-04-06 20:00:00,0.0
2022-04-06 21:00:00,0.0
2022-04-06 22:00:00,0.0
2022-04-06 23:00:00,0.0
2022-04-07 00:00:00,0.0
2022-04-07 01:00:00,0.0
2022-04-07 02:00:00,0.0
2022-04-07 03:00:00,0.0
2022-04-07 04:00:00,0.0
2022-04-07 05:00:00,5.366457471100148
2022-04-07 06:00:00,57.911623518695706
2022-04-07 07:00:00,123.83952879955177
2022-04-07 08:00:00,104.14359203953063
2022-04-07 09:00:00,63.71556592923298
2022-04-07 10:00:00,60.789527133718366
2022-04-07 11:00:00,49.75892976342584
2022-04-07 12:00:00,47.704526243920554
2022-04-07 13:00:00,64.41965677180269
2022-04-07 14:00:00,38.36212176461413
2022-04-07 15:00:00,23.202587863226654
2022-04-07 16:00:00,12.464850994423614
2022-04-07 17:00:00,2.2087305560562527
2022-04-07 18:00:00,0.0
2022-04-07 19:00:00,0.0
2022-04-07 20:00:00,0.0
2022-04-07 21:00:00,0.0
2022-04-07 22:00:00,0.0
2022-04-07 23:00:00,0.0
2022-04-08 00:00:00,0.0
2022-04-08 01:00:00,0.0
2022-04-08 02:00:00,0.0
2022-04-08 03:00:00,0.0
2022-04-08 04:00:00,0.0
2022-04-08 05:00:00,4.060879947559442
2022-04-08 06:00:00,36.839211986240116
2022-04-08 07:00:00,79.34197060082806
2022-04-08 08:00:00,91.16154171546805
2022-04-08 09:00:00,73.47273760323878
2022-04-08 10:00:00,124.53410265292041
2022-04-08 11:00:00,158.7612528669997
2022-04-08 12:00:00,129.15209635974315
2022-04-08 13:00:00,104.61147447890835
2022-04-08 14:00:00,60.71258185883926
2022-04-08 15:00:00,60.32864635094302
2022-04-08 16:00:00,54.46675666693773
2022-04-08 17:00:00,27.881601655462873
2022-04-08 18:00:00,1.5248874881799566
2022-04-08 19:00:00,0.0
2022-04-08 20:00:00,0.0
2022-04-08 21:00:00,0.0
2022-04-08 22:00:00,0.0
2022-04-08 23:00:00,0.0
2022-04-09 00:00:00,0.0
2022-04-09 01:00:00,0.0
2022-04-09 02:00:00,0.0
2022-04-09 03:00:00,0.0
2022-04-09 04:00:00,0.0
2022-04-09 05:00:00,0.0
2022-04-09 06:00:00,6.022638316440862
2022-04-09 07:00:00,21.930719546144246
2022-04-09 08:00:00,45.38427201102604
2022-04-09 09:00:00,104.5469656039204
2022-04-09 10:00:00,157.54977387688996
2022-04-09 11:00:00,160.9850401650474
2022-04-09 12:00:00,100.14452238987724
2022-04-09 13:00:00,249.00165585038485
2022-04-09 14:00:00,304.26756886388466
2022-04-09 15:00:00,129.87639601579576
2022-04-09 16:00:00,97.42112559948873
2022-04-09 17:00:00,25.720120506040985
2022-04-09 18:00:00,0.7759396681794897
2022-04-09 19:00:00,0.0
2022-04-09 20:00:00,0.0
2022-04-09 21:00:00,0.0
2022-04-09 22:00:00,0.0
2022-04-09 23:00:00,0.0
2022-04-10 00:00:00,0.0
2022-04-10 01:00:00,0.0
2022-04-10 02:00:00,0.0
2022-04-10 03:00:00,0.0
2022-04-10 04:00:00,0.0
2022-04-10 05:00:00,2.836812626977917
2022-04-10 06:00:00,35.58726762715378
2022-04-10 07:00:00,195.49279077359824
2022-04-10 08:00:00,270.66032074642135
2022-04-10 09:00:00,317.5866141571896
2022-04-10 10:00:00,352.2126515155978
2022-04-10 11:00:00,344.96338787311106
2022-04-10 12:00:00,346.4279327996919
2022-04-10 13:00:00,295.2649896619405
2022-04-10 14:00:00,255.98129181009426
2022-04-10 15:00:00,182.73381029700977
2022-04-10 16:00:00,94.15137933270307
2022-04-10 17:00:00,33.655674145004014
2022-04-10 18:00:00,0.7323986998962937
2022-04-10 19:00:00,0.0
2022-04-10 20:00:00,0.0
2022-04-10 21:00:00,0.0
2022-04-10 22:00:00,0.0
2022-04-10 23:00:00,0.0
2022-04-11 00:00:00,0.0
2022-04-11 01:00:00,0.0
2022-04-11 02:00:00,0.0
2022-04-11 03:00:00,0.0
2022-04-11 04:00:00,0.0
2022-04-11 05:00:00,9.67685972873005
2022-04-11 06:00:00,59.54452228905575
2022-04-11 07:00:00,149.45882402407005
2022-04-11 08:00:00,225.87361728209362
2022-04-11 09:00:00,275.77625346847344
2022-04-11 10:00:00,303.5745268029568
2022-04-11 11:00:00,303.6061903165537
2022-04-11 12:00:00,317.0920268876507
2022-04-11 13:00:00,273.73488532226474
2022-04-11 14:00:00,184.39720832758758
2022-04-11 15:00:00,128.2026666648162
2022-04-11 16:00:00,69.78191978496034
2022-04-11 17:00:00,33.63838003620913
2022-04-11 18:00:00,1.0808945652097464
2022-04-11 19:00:00,0.0
2022-04-11 20:00:00,0.0
2022-04-11 21:00:00,0.0
2022-04-11 22:00:00,0.0
2022-04-11 23:00:00,0.0
2022-04-12 00:00:00,0.0
2022-04-12 01:00:00,0.0
2022-04-12 02:00:00,0.0
2022-04-12 03:00:00,0.0
2022-04-12 04:00:00,0.0
2022-04-12 05:00:00,11.407859372280654
2022-04-12 06:00:00,65.67581466023694
2022-04-12 07:00:00,138.83728063036688
2022-04-12 08:00:00,200.38449663452047
2022-04-12 09:00:00,242.0181451401295
2022-04-12 10:00:00,283.44393524032785
2022-04-12 11:00:00,293.9784032459429
2022-04-12 12:00:00,301.82650206315157
2022-04-12 13:00:00,272.4322525167081
2022-04-12 14:00:00,213.44970146755804
2022-04-12 15:00:00,133.37539111077785
2022-04-12 16:00:00,75.48212344225612
2022-04-12 17:00:00,25.280088237122982
2022-04-12 18:00:00,0.6961000000010245
2022-04-12 19:00:00,0.0
2022-04-12 20:00:00,0.0
2022-04-12 21:00:00,0.0
2022-04-12 22:00:00,0.0
2022-04-12 23:00:00,0.0
2022-04-13 00:00:00,0.0
2022-04-13 01:00:00,0.0
2022-04-13 02:00:00,0.0
2022-04-13 03:00:00,0.0
2022-04-13 04:00:00,0.0
2022-04-13 05:00:00,10.657192550585023
2022-04-13 06:00:00,61.11185397741792
2022-04-13 07:00:00,127.4610132322996
2022-04-13 08:00:00,183.23578339653614
2022-04-13 09:00:00,260.3690980020765
2022-04-13 10:00:00,253.12583013917902
2022-04-13 11:00:00,298.835474970052
2022-04-13 12:00:00,284.9301889164053
2022-04-13 13:00:00,265.57498885870154
2022-04-13 14:00:00,231.65057971848
2022-04-13 15:00:00,158.44217988637683
2022-04-13 16:00:00,94.27395318628987
2022-04-13 17:00:00,31.300324257230386
2022-04-13 18:00:00,1.8591913312702673
2022-04-13 19:00:00,0.0
2022-04-13 20:00:00,0.0
2022-04-13 21:00:00,0.0
2022-04-13 22:00:00,0.0
2022-04-13 23:00:00,0.0
2022-04-14 00:00:00,0.0
2022-04-14 01:00:00,0.0
2022-04-14 02:00:00,0.0
2022-04-14 03:00:00,0.0
2022-04-14 04:00:00,0.0
2022-04-14 05:00:00,11.201510937869898
2022-04-14 06:00:00,60.88438153806783
2022-04-14 07:00:00,138.03138184886484
2022-04-14 08:00:00,212.9899306625157
2022-04-14 09:00:00,256.47787046681333
2022-04-14 10:00:00,292.00986777331855
2022-04-14 11:00:00,303.45225021748047
2022-04-14 12:00:00,298.90301375169656
2022-04-14 13:00:00,274.97335552242293
2022-04-14 14:00:00,231.71585737011628
2022-04-14 15:00:00,169.80669527266582
2022-04-14 16:00:00,81.9352696913702
2022-04-14 17:00:00,31.90543250220071
2022-04-14 18:00:00,0.925165562919574
2022-04-14 19:00:00,0.0
2022-04-14 20:00:00,0.0
2022-04-14 21:00:00,0.0
2022-04-14 22:00:00,0.0
2022-04-14 23:00:00,0.0
2022-04-15 00:00:00,0.0
2022-04-15 01:00:00,0.0
2022-04-15 02:00:00,0.0
2022-04-15 03:00:00,0.0
2022-04-15 04:00:00,0.0
2022-04-15 05:00:00,5.4660409093339695
2022-04-15 06:00:00,33.131147719119326
2022-04-15 07:00:00,92.05578003433766
2022-04-15 08:00:00,106.11578749642649
2022-04-15 09:00:00,207.83478397552972
2022-04-15 10:00:00,280.2808530887851
2022-04-15 11:00:00,302.14900788605155
2022-04-15 12:00:00,226.95676691280096
2022-04-15 13:00:00,216.27216219207912
2022-04-15 14:00:00,231.83539864295744
2022-04-15 15:00:00,153.31680832325947
2022-04-15 16:00:00,76.26704692907515
2022-04-15 17:00:00,35.73102155237575
2022-04-15 18:00:00,3.33557419355202
2022-04-15 19:00:00,0.0
2022-04-15 20:00:00,0.0
2022-04-15 21:00:00,0.0
2022-04-15 22:00:00,0.0
2022-04-15 23:00:00,0.0
2022-04-16 00:00:00,0.0
2022-04-16 01:00:00,0.0
2022-04-16 02:00:00,0.0
2022-04-16 03:00:00,0.0
2022-04-16 04:00:00,0.0
2022-04-16 05:00:00,16.583237500744872
2022-04-16 06:00:00,57.465593002780224
2022-04-16 07:00:00,118.73999749129871
2022-04-16 08:00:00,188.02419575117528
2022-04-16 09:00:00,88.88109436789819
2022-04-16 10:00:00,74.37372604566917
2022-04-16 11:00:00,87.64119002658117
2022-04-16 12:00:00,118.65307091508294
2022-04-16 13:00:00,183.35960110601445
2022-04-16 14:00:00,129.08953517818009
2022-04-16 15:00:00,102.44395649136277
2022-04-16 16:00:00,64.59035858354764
2022-04-16 17:00:00,15.00389535407885
2022-04-16 18:00:00,1.7645759897859534
2022-04-16 19:00:00,0.0
2022-04-16 20:00:00,0.0
2022-04-16 21:00:00,0.0
2022-04-16 22:00:00,0.0
2022-04-16 23:00:00,0.0
2022-04-17 00:00:00,0.0
2022-04-17 01:00:00,0.0
2022-04-17 02:00:00,0.0
2022-04-17 03:00:00,0.0
2022-04-17 04:00:00,0.0
2022-04-17 05:00:00,12.730423326269374
2022-04-17 06:00:00,39.611966822049
2022-04-17 07:00:00,97.93894226393604
2022-04-17 08:00:00,228.20701675977034
2022-04-17 09:00:00,280.73618425677705
2022-04-17 10:00:00,302.7005197056569
2022-04-17 11:00:00,320.15925056386914
2022-04-17 12:00:00,320.4669135504082
2022-04-17 13:00:00,283.04564982428565
2022-04-17 14:00:00,252.77985112067836
2022-04-17 15:00:00,168.65354485235002
2022-04-17 16:00:00,96.36630917691218
2022-04-17 17:00:00,27.919672504271148
2022-04-17 18:00:00,2.372512738991645
2022-04-17 19:00:00,0.0
2022-04-17 20:00:00,0.0
2022-04-17 21:00:00,0.0
2022-04-17 22:00:00,0.0
2022-04-17 23:00:00,0.0
2022-04-18 00:00:00,0.0
2022-04-18 01:00:00,0.0
2022-04-18 02:00:00,0.0
2022-04-18 03:00:00,0.0
2022-04-18 04:00:00,0.0
2022-04-18 05:00:00,15.443130665793433
2022-04-18 06:00:00,71.95359772935626
2022-04-18 07:00:00,162.29061465727864
2022-04-18 08:00:00,238.96484166815935
2022-04-18 09:00:00,278.7345277814602
2022-04-18 10:00:00,309.8834929513541
2022-04-18 11:00:00,323.0063637820276
2022-04-18 12:00:00,324.569078258457
2022-04-18 13:00:00,292.71255681244656
2022-04-18 14:00:00,250.99577851299546
2022-04-18 15:00:00,186.05078623606823
2022-04-18 16:00:00,102.45662736159284
2022-04-18 17:00:00,33.54004229884595
2022-04-18 18:00:00,1.3111607449391158
2022-04-18 19:00:00,0.0
2022-04-18 20:00:00,0.0
2022-04-18 21:00:00,0.0
2022-04-18 22:00:00,0.0
2022-04-18 23:00:00,0.0
2022-04-19 00:00:00,0.0
2022-04-19 01:00:00,0.0
2022-04-19 02:00:00,0.0
2022-04-19 03:00:00,0.0
2022-04-19 04:00:00,0.0
2022-04-19 05:00:00,15.978726449597161
2022-04-19 06:00:00,72.89605488909001
2022-04-19 07:00:00,162.39909179409733
2022-04-19 08:00:00,238.19120568904327
2022-04-19 09:00:00,278.07780544791603
2022-04-19 10:00:00,304.0205946623755
2022-04-19 11:00:00,321.9593205248675
2022-04-19 12:00:00,304.8298730821698
2022-04-19 13:00:00,292.79005656414665
2022-04-19 14:00:00,231.0670209388045
2022-04-19 15:00:00,187.78639871101768
2022-04-19 16:00:00,102.0193902280298
2022-04-19 17:00:00,34.05538571308716
2022-04-19 18:00:00,2.4622948172618635
2022-04-19 19:00:00,0.0
2022-04-19 20:00:00,0.0
2022-04-19 21:00:00,0.0
2022-04-19 22:00:00,0.0
2022-04-19 23:00:00,0.0
2022-04-20 00:00:00,0.0
2022-04-20 01:00:00,0.0
2022-04-20 02:00:00,0.0
2022-04-20 03:00:00,0.0
2022-04-20 04:00:00,0.0246153846092056
2022-04-20 05:00:00,15.73734427493764
2022-04-20 06:00:00,74.17080352445191
2022-04-20 07:00:00,162.5453922548768
2022-04-20 08:00:00,237.20551601263287
2022-04-20 09:00:00,276.92513289969065
2022-04-20 10:00:00,299.86831496533705
2022-04-20 11:00:00,314.7066031176655
2022-04-20 12:00:00,313.02391867680126
2022-04-20 13:00:00,287.44131649234623
2022-04-20 14:00:00,243.91064257523976
2022-04-20 15:00:00,165.02750539276167
2022-04-20 16:00:00,78.45501248980871
2022-04-20 17:00:00,33.65074252575869
2022-04-20 18:00:00,3.0600357245712075
2022-04-20 19:00:00,0.0
2022-04-20 20:00:00,0.0
2022-04-20 21:00:00,0.0
2022-04-20 22:00:00,0.0
2022-04-20 23:00:00,0.0
2022-04-21 00:00:00,0.0
2022-04-21 01:00:00,0.0
2022-04-21 02:00:00,0.0
2022-04-21 03:00:00,0.0
2022-04-21 04:00:00,0.3001249999942956
2022-04-21 05:00:00,18.620977482336457
2022-04-21 06:00:00,76.15862307476345
2022-04-21 07:00:00,163.92943325692613
2022-04-21 08:00:00,206.00470861089707
2022-04-21 09:00:00,243.3649492488912
2022-04-21 10:00:00,283.10042410534516
2022-04-21 11:00:00,322.4959964409645
2022-04-21 12:00:00,315.9234180366475
2022-04-21 13:00:00,239.779866076482
2022-04-21 14:00:00,235.84111107620993
2022-04-21 15:00:00,176.34351063852955
2022-04-21 16:00:00,101.88046743918676
2022-04-21 17:00:00,34.01956096405047
2022-04-21 18:00:00,3.36904622791917
2022-04-21 19:00:00,0.0
2022-04-21 20:00:00,0.0
2022-04-21 21:00:00,0.0
2022-04-21 22:00:00,0.0
2022-04-21 23:00:00,0.0
2022-04-22 00:00:00,0.0
2022-04-22 01:00:00,0.0
2022-04-22 02:00:00,0.0
2022-04-22 03:00:00,0.0
2022-04-22 04:00:00,0.3069090909120859
2022-04-22 05:00:00,14.349756909403368
2022-04-22 06:00:00,41.07203354610829
2022-04-22 07:00:00,103.7643478649843
2022-04-22 08:00:00,173.2923432868556
2022-04-22 09:00:00,232.4779715469922
2022-04-22 10:00:00,303.2456918780226
2022-04-22 11:00:00,321.7994817888248
2022-04-22 12:00:00,315.08811168104876
2022-04-22 13:00:00,275.12958361431083
2022-04-22 14:00:00,216.5909281070053
2022-04-22 15:00:00,177.65355300159717
2022-04-22 16:00:00,89.78978496813215
2022-04-22 17:00:00,37.48698992106074
2022-04-22 18:00:00,3.2807839038141537
2022-04-22 19:00:00,0.0
2022-04-22 20:00:00,0.0
2022-04-22 21:00:00,0.0
2022-04-22 22:00:00,0.0
2022-04-22 23:00:00,0.0
2022-04-23 00:00:00,0.0
2022-04-23 01:00:00,0.0
2022-04-23 02:00:00,0.0
2022-04-23 03:00:00,0.0
2022-04-23 04:00:00,0.313304347830126
2022-04-23 05:00:00,9.35644836256688
2022-04-23 06:00:00,25.853351108220522
2022-04-23 07:00:00,33.916108013218036
2022-04-23 08:00:00,94.05844847283151
2022-04-23 09:00:00,211.25597298319917
2022-04-23 10:00:00,251.70087472806335
2022-04-23 11:00:00,226.25797406840138
2022-04-23 12:00:00,196.0369980171963
2022-04-23 13:00:00,137.0470482652163
2022-04-23 14:00:00,100.03371573942422
2022-04-23 15:00:00,71.40935921494383
2022-04-23 16:00:00,75.70936263070325
2022-04-23 17:00:00,39.54736760468222
2022-04-23 18:00:00,3.8007039954245556
2022-04-23 19:00:00,0.0
2022-04-23 20:00:00,0.0
2022-04-23 21:00:00,0.0
2022-04-23 22:00:00,0.0
2022-04-23 23:00:00,0.0
2022-04-24 00:00:00,0.0
2022-04-24 01:00:00,0.0
2022-04-24 02:00:00,0.0
2022-04-24 03:00:00,0.0
2022-04-24 04:00:00,0.5689156626467593
2022-04-24 05:00:00,19.56566589837894
2022-04-24 06:00:00,59.44396522958414
2022-04-24 07:00:00,78.36391954042483
2022-04-24 08:00:00,98.6099731921422
2022-04-24 09:00:00,119.63761453839834
2022-04-24 10:00:00,156.1899513456592
2022-04-24 11:00:00,190.43240203199093
2022-04-24 12:00:00,126.5334055768908
2022-04-24 13:00:00,98.92444073371007
2022-04-24 14:00:00,56.5990121155628
2022-04-24 15:00:00,37.74197702744277
2022-04-24 16:00:00,14.337554886733415
2022-04-24 17:00:00,4.4625635283009615
2022-04-24 18:00:00,0.0
2022-04-24 19:00:00,0.0
2022-04-24 20:00:00,0.0
2022-04-24 21:00:00,0.0
2022-04-24 22:00:00,0.0
2022-04-24 23:00:00,0.0
2022-04-25 00:00:00,0.0
2022-04-25 01:00:00,0.0
2022-04-25 02:00:00,0.0
2022-04-25 03:00:00,0.0
2022-04-25 04:00:00,0.0
2022-04-25 05:00:00,1.3809103598759975
2022-04-25 06:00:00,13.798231624881737
2022-04-25 07:00:00,39.294821697607404
2022-04-25 08:00:00,50.51991843432188
2022-04-25 09:00:00,77.58508392018848
2022-04-25 10:00:00,73.91490862233331
2022-04-25 11:00:00,111.19885945643182
2022-04-25 12:00:00,105.17962044879096
2022-04-25 13:00:00,100.90581748378463
2022-04-25 14:00:00,142.1591065004468
2022-04-25 15:00:00,72.15749339366448
2022-04-25 16:00:00,51.302710384101374
2022-04-25 17:00:00,8.663721395656466
2022-04-25 18:00:00,1.6795862068829592
2022-04-25 19:00:00,0.0
2022-04-25 20:00:00,0.0
2022-04-25 21:00:00,0.0
2022-04-25 22:00:00,0.0
2022-04-25 23:00:00,0.0
2022-04-26 00:00:00,0.0
2022-04-26 01:00:00,0.0
2022-04-26 02:00:00,0.0
2022-04-26 03:00:00,0.0
2022-04-26 04:00:00,0.1734814814699348
2022-04-26 05:00:00,11.880904027086217
2022-04-26 06:00:00,8.802702895336552
2022-04-26 07:00:00,11.04063068612595
2022-04-26 08:00:00,18.500433039851487
2022-04-26 09:00:00,19.533124604728073
2022-04-26 10:00:00,65.66207544895587
2022-04-26 11:00:00,67.17422129839542
2022-04-26 12:00:00,132.5278945323662
2022-04-26 13:00:00,212.2067549340718
2022-04-26 14:00:00,237.64806741997018
2022-04-26 15:00:00,123.17181938549038
2022-04-26 16:00:00,72.09758949570823
2022-04-26 17:00:00,27.15433221400599
2022-04-26 18:00:00,3.8502181286457926
2022-04-26 19:00:00,0.0
2022-04-26 20:00:00,0.0
2022-04-26 21:00:00,0.0
2022-04-26 22:00:00,0.0
2022-04-26 23:00:00,0.0
2022-04-27 00:00:00,0.0
2022-04-27 01:00:00,0.0
2022-04-27 02:00:00,0.0
2022-04-27 03:00:00,0.0
2022-04-27 04:00:00,0.5072359550686087
2022-04-27 05:00:00,7.9203428801265545
2022-04-27 06:00:00,34.80054977189866
2022-04-27 07:00:00,100.6344353025197
2022-04-27 08:00:00,253.5848769362783
2022-04-27 09:00:00,296.69945976897725
2022-04-27 10:00:00,322.5620856207097
2022-04-27 11:00:00,343.6119378347357
2022-04-27 12:00:00,330.32768900622614
2022-04-27 13:00:00,307.4896508001839
2022-04-27 14:00:00,264.2041096841858
2022-04-27 15:00:00,200.67300726097892
2022-04-27 16:00:00,117.3597574972373
2022-04-27 17:00:00,46.4069450738607
2022-04-27 18:00:00,4.9114545776101295
2022-04-27 19:00:00,0.0
2022-04-27 20:00:00,0.0
2022-04-27 21:00:00,0.0
2022-04-27 22:00:00,0.0
2022-04-27 23:00:00,0.0
2022-04-28 00:00:00,0.0
2022-04-28 01:00:00,0.0
2022-04-28 02:00:00,0.0
2022-04-28 03:00:00,0.0
2022-04-28 04:00:00,0.5872847682039719
2022-04-28 05:00:00,27.32430594076868
2022-04-28 06:00:00,91.71441933052847
2022-04-28 07:00:00,178.95184657216305
2022-04-28 08:00:00,252.02340858094976
2022-04-28 09:00:00,292.25044302191236
2022-04-28 10:00:00,318.210794919054
2022-04-28 11:00:00,333.61065242567565
2022-04-28 12:00:00,330.2986525480228
2022-04-28 13:00:00,303.5029226789193
2022-04-28 14:00:00,263.3255214198434
2022-04-28 15:00:00,200.23059857197222
2022-04-28 16:00:00,118.79470265522832
2022-04-28 17:00:00,49.49471197251114
2022-04-28 18:00:00,4.285279535426526
2022-04-28 19:00:00,0.0
2022-04-28 20:00:00,0.0
2022-04-28 21:00:00,0.0
2022-04-28 22:00:00,0.0
2022-04-28 23:00:00,0.0
2022-04-29 00:00:00,0.0
2022-04-29 01:00:00,0.0
2022-04-29 02:00:00,0.0
2022-04-29 03:00:00,0.0
2022-04-29 04:00:00,2.0282278227386996
2022-04-29 05:00:00,45.045430440979544
2022-04-29 06:00:00,99.29074542442686
2022-04-29 07:00:00,201.4856428289204
2022-04-29 08:00:00,273.5013470353442
2022-04-29 09:00:00,264.31481263958267
2022-04-29 10:00:00,293.872761043167
2022-04-29 11:00:00,336.7234153174504
2022-04-29 12:00:00,330.60956179583445
2022-04-29 13:00:00,274.4986558659293
2022-04-29 14:00:00,161.46888561584638
2022-04-29 15:00:00,125.292618510779
2022-04-29 16:00:00,41.560519698861754
2022-04-29 17:00:00,26.386406362522393
2022-04-29 18:00:00,6.2500305846042465
2022-04-29 19:00:00,0.0
2022-04-29 20:00:00,0.0
2022-04-29 21:00:00,0.0
2022-04-29 22:00:00,0.0
2022-04-29 23:00:00,0.0
2022-04-30 00:00:00,0.0
2022-04-30 01:00:00,0.0
2022-04-30 02:00:00,0.0
2022-04-30 03:00:00,0.0
2022-04-30 04:00:00,0.0
2022-04-30 05:00:00,4.516792219568742
2022-04-30 06:00:00,24.3631574222818
2022-04-30 07:00:00,92.08219264057698
2022-04-30 08:00:00,86.63207673674333
2022-04-30 09:00:00,136.7147684674128
2022-04-30 10:00:00,190.58180162034114
2022-04-30 11:00:00,262.18747231992893
2022-04-30 12:00:00,284.7798212192429
2022-04-30 13:00:00,161.79588270469685
2022-04-30 14:00:00,39.31678629430826
2022-04-30 15:00:00,51.6892020078667
2022-04-30 16:00:00,6.039402807655279
2022-04-30 17:00:00,48.595086527755484
2022-04-30 18:00:00,9.596793622826226
2022-04-30 19:00:00,0.0
2022-04-30 20:00:00,0.0
2022-04-30 21:00:00,0.0
2022-04-30 22:00:00,0.0
2022-04-30 23:00:00,0.0
2022-05-01 00:00:00,0.0
2022-05-01 01:00:00,0.0
2022-05-01 02:00:00,0.0
2022-05-01 03:00:00,0.0
2022-05-01 04:00:00,1.2003309976716992
2022-05-01 05:00:00,20.905242359498516
2022-05-01 06:00:00,60.97956784791313
2022-05-01 07:00:00,98.06448503988213
2022-05-01 08:00:00,180.15675918120542
2022-05-01 09:00:00,244.56361651286716
2022-05-01 10:00:00,285.2462275723519
2022-05-01 11:00:00,203.569435061916
2022-05-01 12:00:00,353.4811890068522
2022-05-01 13:00:00,322.4749955535226
2022-05-01 14:00:00,261.5619817112747
2022-05-01 15:00:00,173.88864277827088
2022-05-01 16:00:00,137.77519365036278
2022-05-01 17:00:00,64.12691351742251
2022-05-01 18:00:00,8.536847074021352
2022-05-01 19:00:00,0.0
2022-05-01 20:00:00,0.0
2022-05-01 21:00:00,0.0
2022-05-01 22:00:00,0.0
2022-05-01 23:00:00,0.0
2022-05-02 00:00:00,0.0
2022-05-02 01:00:00,0.0
2022-05-02 02:00:00,0.0
2022-05-02 03:00:00,0.0
2022-05-02 04:00:00,1.224361290311208
2022-05-02 05:00:00,32.5453537440917
2022-05-02 06:00:00,102.10002418159274
2022-05-02 07:00:00,187.39073836713214
2022-05-02 08:00:00,261.0115502086701
2022-05-02 09:00:00,301.0266285551479
2022-05-02 10:00:00,321.76415245671524
2022-05-02 11:00:00,337.9389056194341
2022-05-02 12:00:00,339.4946380354231
2022-05-02 13:00:00,313.50996172017767
2022-05-02 14:00:00,271.888922736689
2022-05-02 15:00:00,211.09654190653237
2022-05-02 16:00:00,149.6394254619372
2022-05-02 17:00:00,73.47110757848714
2022-05-02 18:00:00,9.37369839742314
2022-05-02 19:00:00,0.0
2022-05-02 20:00:00,0.0
2022-05-02 21:00:00,0.0
2022-05-02 22:00:00,0.0
2022-05-02 23:00:00,0.0
2022-05-03 00:00:00,0.0
2022-05-03 01:00:00,0.0
2022-05-03 02:00:00,0.0
2022-05-03 03:00:00,0.0
2022-05-03 04:00:00,0.6813442622951698
2022-05-03 05:00:00,15.312916531373048
2022-05-03 06:00:00,37.06168622587575
2022-05-03 07:00:00,98.84785608691163
2022-05-03 08:00:00,116.98997661023168
2022-05-03 09:00:00,206.05822846892988
2022-05-03 10:00:00,190.75199562768103
2022-05-03 11:00:00,181.2798000961193
2022-05-03 12:00:00,214.03416961152107
2022-05-03 13:00:00,162.1655342298909
2022-05-03 14:00:00,96.83187436757726
2022-05-03 15:00:00,61.301721747848205
2022-05-03 16:00:00,39.67109099330264
2022-05-03 17:00:00,14.121375606773654
2022-05-03 18:00:00,4.8836234503251035
2022-05-03 19:00:00,0.0
2022-05-03 20:00:00,0.0
2022-05-03 21:00:00,0.0
2022-05-03 22:00:00,0.0
2022-05-03 23:00:00,0.0
2022-05-04 00:00:00,0.0
2022-05-04 01:00:00,0.0
2022-05-04 02:00:00,0.0
2022-05-04 03:00:00,0.0
2022-05-04 04:00:00,1.4711339905043133
2022-05-04 05:00:00,29.43857237699558
2022-05-04 06:00:00,75.63100842165295
2022-05-04 07:00:00,143.66269876732258
2022-05-04 08:00:00,199.39747211700887
2022-05-04 09:00:00,240.40651253730175
2022-05-04 10:00:00,313.2711864297453
2022-05-04 11:00:00,115.9618780768651
2022-05-04 12:00:00,246.53500477146008
2022-05-04 13:00:00,148.8381244331831
2022-05-04 14:00:00,94.56699573254446
2022-05-04 15:00:00,56.23458038008539
2022-05-04 16:00:00,84.23548506054794
2022-05-04 17:00:00,42.68186513101682
2022-05-04 18:00:00,9.02859352354426
2022-05-04 19:00:00,0.0
2022-05-04 20:00:00,0.0
2022-05-04 21:00:00,0.0
2022-05-04 22:00:00,0.0
2022-05-04 23:00:00,0.0
2022-05-05 00:00:00,0.0
2022-05-05 01:00:00,0.0
2022-05-05 02:00:00,0.0
2022-05-05 03:00:00,0.0
2022-05-05 04:00:00,0.4822148760431446
2022-05-05 05:00:00,10.61178802739596
2022-05-05 06:00:00,21.71360898320563
2022-05-05 07:00:00,18.1836781699094
2022-05-05 08:00:00,41.229285925248405
2022-05-05 09:00:00,29.171337495266926
2022-05-05 10:00:00,47.955563102819724
2022-05-05 11:00:00,32.681947774399305
2022-05-05 12:00:00,11.39536459534429
2022-05-05 13:00:00,15.87867697951151
2022-05-05 14:00:00,39.8808256216289
2022-05-05 15:00:00,30.46050043561263
2022-05-05 16:00:00,18.583594627707498
2022-05-05 17:00:00,18.862072496616747
2022-05-05 18:00:00,2.5004571847675834
2022-05-05 19:00:00,0.0
2022-05-05 20:00:00,0.0
2022-05-05 21:00:00,0.0
2022-05-05 22:00:00,0.0
2022-05-05 23:00:00,0.0
2022-05-06 00:00:00,0.0
2022-05-06 01:00:00,0.0
2022-05-06 02:00:00,0.0
2022-05-06 03:00:00,0.0
2022-05-06 04:00:00,0.0
2022-05-06 05:00:00,9.63625109088025
2022-05-06 06:00:00,29.48409620646271
2022-05-06 07:00:00,58.621999155700905
2022-05-06 08:00:00,105.86366858275142
2022-05-06 09:00:00,98.2050641438982
2022-05-06 10:00:00,87.20421730098315
2022-05-06 11:00:00,188.1379733638023
2022-05-06 12:00:00,103.30838774540462
2022-05-06 13:00:00,43.50910556799499
2022-05-06 14:00:00,101.19522618071642
2022-05-06 15:00:00,55.1399618194846
2022-05-06 16:00:00,48.62118800211465
2022-05-06 17:00:00,14.898171670298325
2022-05-06 18:00:00,0.41561898303916667
2022-05-06 19:00:00,0.0
2022-05-06 20:00:00,0.0
2022-05-06 21:00:00,0.0
2022-05-06 22:00:00,0.0
2022-05-06 23:00:00,0.0
2022-05-07 00:00:00,0.0
2022-05-07 01:00:00,0.0
2022-05-07 02:00:00,0.0
2022-05-07 03:00:00,0.0
2022-05-07 04:00:00,0.7501015281013679
2022-05-07 05:00:00,9.328594401158625
2022-05-07 06:00:00,34.91542964169639
2022-05-07 07:00:00,80.80677249544533
2022-05-07 08:00:00,84.1871385385457
2022-05-07 09:00:00,108.11684046755545
2022-05-07 10:00:00,144.24345243614516
2022-05-07 11:00:00,188.61260099572246
2022-05-07 12:00:00,213.07928290750715
2022-05-07 13:00:00,210.54414270215784
2022-05-07 14:00:00,193.107252093032
2022-05-07 15:00:00,74.61905371758621
2022-05-07 16:00:00,12.940892174228793
2022-05-07 17:00:00,7.1125004756613635
2022-05-07 18:00:00,0.6987037814978976
2022-05-07 19:00:00,0.0
2022-05-07 20:00:00,0.0
2022-05-07 21:00:00,0.0
2022-05-07 22:00:00,0.0
2022-05-07 23:00:00,0.0
2022-05-08 00:00:00,0.0
2022-05-08 01:00:00,0.0
2022-05-08 02:00:00,0.0
2022-05-08 03:00:00,0.0
2022-05-08 04:00:00,1.24276307009859
2022-05-08 05:00:00,14.910022039082833
2022-05-08 06:00:00,24.27424698055256
2022-05-08 07:00:00,63.06353494466749
2022-05-08 08:00:00,131.92138636362506
2022-05-08 09:00:00,216.24918479836197
2022-05-08 10:00:00,148.31518925909768
2022-05-08 11:00:00,217.99659415517817
2022-05-08 12:00:00,121.19770989977405
2022-05-08 13:00:00,107.31912205560366
2022-05-08 14:00:00,59.48304534563795
2022-05-08 15:00:00,25.46782830444863
2022-05-08 16:00:00,14.474202093930217
2022-05-08 17:00:00,8.810570879955776
2022-05-08 18:00:00,4.428143623867072
2022-05-08 19:00:00,0.0
2022-05-08 20:00:00,0.0
2022-05-08 21:00:00,0.0
2022-05-08 22:00:00,0.0
2022-05-08 23:00:00,0.0
2022-05-09 00:00:00,0.0
2022-05-09 01:00:00,0.0
2022-05-09 02:00:00,0.0
2022-05-09 03:00:00,0.0
2022-05-09 04:00:00,1.1794652897224296
2022-05-09 05:00:00,17.585702839540318
2022-05-09 06:00:00,92.00138777689426
2022-05-09 07:00:00,195.32290790314437
2022-05-09 08:00:00,259.90549321868457
2022-05-09 09:00:00,309.88207964779576
2022-05-09 10:00:00,332.41825892718043
2022-05-09 11:00:00,348.4408901812567
2022-05-09 12:00:00,327.4453321977635
2022-05-09 13:00:00,314.9211830244167
2022-05-09 14:00:00,277.23548781548743
2022-05-09 15:00:00,220.9194337009394
2022-05-09 16:00:00,145.52404329099227
2022-05-09 17:00:00,67.82275593510712
2022-05-09 18:00:00,10.565639542764984
2022-05-09 19:00:00,0.0
2022-05-09 20:00:00,0.0
2022-05-09 21:00:00,0.0
2022-05-09 22:00:00,0.0
2022-05-09 23:00:00,0.0
2022-05-10 00:00:00,0.0
2022-05-10 01:00:00,0.0
2022-05-10 02:00:00,0.0
2022-05-10 03:00:00,0.0
2022-05-10 04:00:00,2.975206362665631
2022-05-10 05:00:00,39.492299878183985
2022-05-10 06:00:00,113.96911860175896
2022-05-10 07:00:00,185.9567771376751
2022-05-10 08:00:00,254.23123488997226
2022-05-10 09:00:00,307.1822211383551
2022-05-10 10:00:00,326.24196885319543
2022-05-10 11:00:00,337.67995752510615
2022-05-10 12:00:00,334.70753566283383
2022-05-10 13:00:00,302.74938129939255
2022-05-10 14:00:00,246.16012298874557
2022-05-10 15:00:00,148.7934876929212
2022-05-10 16:00:00,94.49381959749735
2022-05-10 17:00:00,44.857386046351166
2022-05-10 18:00:00,14.144696642179042
2022-05-10 19:00:00,0.0
2022-05-10 20:00:00,0.0
2022-05-10 21:00:00,0.0
2022-05-10 22:00:00,0.0
2022-05-10 23:00:00,0.0
2022-05-11 00:00:00,0.0
2022-05-11 01:00:00,0.0
2022-05-11 02:00:00,0.0
2022-05-11 03:00:00,0.0
2022-05-11 04:00:00,2.9138660748430993
2022-05-11 05:00:00,34.40099559936789
2022-05-11 06:00:00,109.93866506629274
2022-05-11 07:00:00,186.9488162958587
2022-05-11 08:00:00,258.7999001809512
2022-05-11 09:00:00,296.58304448545096
2022-05-11 10:00:00,318.02085978741525
2022-05-11 11:00:00,331.0122516541742
2022-05-11 12:00:00,324.5030244269583
2022-05-11 13:00:00,296.70488809011295
2022-05-11 14:00:00,262.1289019928954
2022-05-11 15:00:00,203.00787719956134
2022-05-11 16:00:00,126.9196880858508
2022-05-11 17:00:00,62.99541616640636
2022-05-11 18:00:00,9.326417734264396
2022-05-11 19:00:00,0.2981621621584054
2022-05-11 20:00:00,0.0
2022-05-11 21:00:00,0.0
2022-05-11 22:00:00,0.0
2022-05-11 23:00:00,0.0
2022-05-12 00:00:00,0.0
2022-05-12 01:00:00,0.0
2022-05-12 02:00:00,0.0
2022-05-12 03:00:00,0.0
2022-05-12 04:00:00,1.2905443110503259
2022-05-12 05:00:00,31.17429646573146
2022-05-12 06:00:00,101.03211878749426
2022-05-12 07:00:00,186.6482385749987
2022-05-12 08:00:00,242.61372014979133
2022-05-12 09:00:00,288.8352033934789
2022-05-12 10:00:00,303.57950052263914
2022-05-12 11:00:00,331.52719733834965
2022-05-12 12:00:00,319.9945391623187
2022-05-12 13:00:00,229.31704929296393
2022-05-12 14:00:00,278.53897851138026
2022-05-12 15:00:00,214.7435334502661
2022-05-12 16:00:00,59.446939237066545
2022-05-12 17:00:00,19.400031363591552
2022-05-12 18:00:00,10.917943266307702
2022-05-12 19:00:00,0.0
2022-05-12 20:00:00,0.0
2022-05-12 21:00:00,0.0
2022-05-12 22:00:00,0.0
2022-05-12 23:00:00,0.0
2022-05-13 00:00:00,0.0
2022-05-13 01:00:00,0.0
2022-05-13 02:00:00,0.0
2022-05-13 03:00:00,0.0
2022-05-13 04:00:00,0.2615813953452743
2022-05-13 05:00:00,11.502585016307421
2022-05-13 06:00:00,38.84616069518961
2022-05-13 07:00:00,58.640041044243844
2022-05-13 08:00:00,123.1718397552613
2022-05-13 09:00:00,162.84081859645084
2022-05-13 10:00:00,202.05488987633726
2022-05-13 11:00:00,261.38800219554105
2022-05-13 12:00:00,143.93847487220773
2022-05-13 13:00:00,169.3726502736681
2022-05-13 14:00:00,153.35531643629656
2022-05-13 15:00:00,139.47052166980575
2022-05-13 16:00:00,114.79557499400107
2022-05-13 17:00:00,39.408424031484174
2022-05-13 18:00:00,15.07334294289467
2022-05-13 19:00:00,0.1473333333269693
2022-05-13 20:00:00,0.0
2022-05-13 21:00:00,0.0
2022-05-13 22:00:00,0.0
2022-05-13 23:00:00,0.0
2022-05-14 00:00:00,0.0
2022-05-14 01:00:00,0.0
2022-05-14 02:00:00,0.0
2022-05-14 03:00:00,0.0
2022-05-14 04:00:00,0.5268679245200474
2022-05-14 05:00:00,23.948996838909807
2022-05-14 06:00:00,72.3636436117813
2022-05-14 07:00:00,155.07153978818678
2022-05-14 08:00:00,250.24406660115346
2022-05-14 09:00:00,298.0953583988885
2022-05-14 10:00:00,320.94140094623435
2022-05-14 11:00:00,333.48937920547905
2022-05-14 12:00:00,332.92101001305855
2022-05-14 13:00:00,299.3309925944777
2022-05-14 14:00:00,269.6657888534828
2022-05-14 15:00:00,209.7450469720934
2022-05-14 16:00:00,94.63641546445433
2022-05-14 17:00:00,36.12609492521733
2022-05-14 18:00:00,10.3212724532641
2022-05-14 19:00:00,0.2244444444368127
2022-05-14 20:00:00,0.0
2022-05-14 21:00:00,0.0
2022-05-14 22:00:00,0.0
2022-05-14 23:00:00,0.0
2022-05-15 00:00:00,0.0
2022-05-15 01:00:00,0.0
2022-05-15 02:00:00,0.0
2022-05-15 03:00:00,0.0
2022-05-15 04:00:00,4.960195535881212
2022-05-15 05:00:00,43.513511555909645
2022-05-15 06:00:00,115.45397340806085
2022-05-15 07:00:00,188.08608598541468
2022-05-15 08:00:00,257.75321753750904
2022-05-15 09:00:00,300.70243225380545
2022-05-15 10:00:00,318.6392291744414
2022-05-15 11:00:00,330.23101198425866
2022-05-15 12:00:00,318.3883257896814
2022-05-15 13:00:00,293.6459904036019
2022-05-15 14:00:00,255.22494992337306
2022-05-15 15:00:00,202.28455613096594
2022-05-15 16:00:00,102.06442570179934
2022-05-15 17:00:00,53.33656872517895
2022-05-15 18:00:00,9.274855706375092
2022-05-15 19:00:00,0.0
2022-05-15 20:00:00,0.0
2022-05-15 21:00:00,0.0
2022-05-15 22:00:00,0.0
2022-05-15 23:00:00,0.0
2022-05-16 00:00:00,0.0
2022-05-16 01:00:00,0.0
2022-05-16 02:00:00,0.0
2022-05-16 03:00:00,0.0
2022-05-16 04:00:00,6.597826889454154
2022-05-16 05:00:00,21.01046652358491
2022-05-16 06:00:00,40.94685379249859
2022-05-16 07:00:00,178.03605531336507
2022-05-16 08:00:00,259.6185075173562
2022-05-16 09:00:00,219.66324784548488
2022-05-16 10:00:00,222.73378835778567
2022-05-16 11:00:00,140.7087069172121
2022-05-16 12:00:00,232.94547487428645
2022-05-16 13:00:00,153.89345946296817
2022-05-16 14:00:00,165.42291431801277
2022-05-16 15:00:00,115.77580332726939
2022-05-16 16:00:00,59.01676808125922
2022-05-16 17:00:00,61.46006105883862
2022-05-16 18:00:00,13.412427714036312
2022-05-16 19:00:00,0.0
2022-05-16 20:00:00,0.0
2022-05-16 21:00:00,0.0
2022-05-16 22:00:00,0.0
2022-05-16 23:00:00,0.0
2022-05-17 00:00:00,0.0
2022-05-17 01:00:00,0.0
2022-05-17 02:00:00,0.0
2022-05-17 03:00:00,0.0
2022-05-17 04:00:00,7.246065050829202
2022-05-17 05:00:00,58.55489841385861
2022-05-17 06:00:00,113.08370227011619
2022-05-17 07:00:00,185.46563141484512
2022-05-17 08:00:00,264.4407635985699
2022-05-17 09:00:00,302.07408036943525
2022-05-17 10:00:00,313.08102222226444
2022-05-17 11:00:00,315.85323513345793
2022-05-17 12:00:00,306.272644444427
2022-05-17 13:00:00,305.59798588915146
2022-05-17 14:00:00,268.23393920855597
2022-05-17 15:00:00,209.0738484202011
2022-05-17 16:00:00,136.54091371336835
2022-05-17 17:00:00,72.52158992609475
2022-05-17 18:00:00,17.7392625323846
2022-05-17 19:00:00,0.5889635036583059
2022-05-17 20:00:00,0.0
2022-05-17 21:00:00,0.0
2022-05-17 22:00:00,0.0
2022-05-17 23:00:00,0.0
2022-05-18 00:00:00,0.0
2022-05-18 01:00:00,0.0
2022-05-18 02:00:00,0.0
2022-05-18 03:00:00,0.0
2022-05-18 04:00:00,5.802504904801026
2022-05-18 05:00:00,44.87185515472083
2022-05-18 06:00:00,114.27400598779786
2022-05-18 07:00:00,192.99182843763265
2022-05-18 08:00:00,259.5202645902755
2022-05-18 09:00:00,305.2402417486883
2022-05-18 10:00:00,320.1476813813788
2022-05-18 11:00:00,332.72473864257336
2022-05-18 12:00:00,328.1512585240125
2022-05-18 13:00:00,304.76739007537253
2022-05-18 14:00:00,268.1246045505686
2022-05-18 15:00:00,210.33446733051096
2022-05-18 16:00:00,140.64789233828196
2022-05-18 17:00:00,63.94567164548789
2022-05-18 18:00:00,9.890746433200547
2022-05-18 19:00:00,0.1622978723316919
2022-05-18 20:00:00,0.0
2022-05-18 21:00:00,0.0
2022-05-18 22:00:00,0.0
2022-05-18 23:00:00,0.0
2022-05-19 00:00:00,0.0
2022-05-19 01:00:00,0.0
2022-05-19 02:00:00,0.0
2022-05-19 03:00:00,0.0
2022-05-19 04:00:00,6.3908191602968145
2022-05-19 05:00:00,40.028015701827826
2022-05-19 06:00:00,110.37367064825958
2022-05-19 07:00:00,196.17242501699366
2022-05-19 08:00:00,236.2122661700996
2022-05-19 09:00:00,286.54083233803976
2022-05-19 10:00:00,324.7242499013373
2022-05-19 11:00:00,212.2657000613981
2022-05-19 12:00:00,44.366740527097136
2022-05-19 13:00:00,124.62418985547265
2022-05-19 14:00:00,21.57385009140125
2022-05-19 15:00:00,65.62429771464667
2022-05-19 16:00:00,13.816650623135502
2022-05-19 17:00:00,37.15783049262245
2022-05-19 18:00:00,23.259529653500067
2022-05-19 19:00:00,0.5975780510925687
2022-05-19 20:00:00,0.0
2022-05-19 21:00:00,0.0
2022-05-19 22:00:00,0.0
2022-05-19 23:00:00,0.0
2022-05-20 00:00:00,0.0
2022-05-20 01:00:00,0.0
2022-05-20 02:00:00,0.0
2022-05-20 03:00:00,0.0
2022-05-20 04:00:00,5.757049369363813
2022-05-20 05:00:00,49.094630843930645
2022-05-20 06:00:00,117.14321626041783
2022-05-20 07:00:00,197.90000778465765
2022-05-20 08:00:00,257.2986997321714
2022-05-20 09:00:00,302.3294077294995
2022-05-20 10:00:00,330.22096050455
2022-05-20 11:00:00,329.4714688551903
2022-05-20 12:00:00,322.3606730531319
2022-05-20 13:00:00,297.66382737021195
2022-05-20 14:00:00,258.9880508063361
2022-05-20 15:00:00,190.0799391916371
2022-05-20 16:00:00,108.29349176646792
2022-05-20 17:00:00,58.142464606731664
2022-05-20 18:00:00,12.08748624540749
2022-05-20 19:00:00,0.3042947368521709
2022-05-20 20:00:00,0.0
2022-05-20 21:00:00,0.0
2022-05-20 22:00:00,0.0
2022-05-20 23:00:00,0.0
2022-05-21 00:00:00,0.0
2022-05-21 01:00:00,0.0
2022-05-21 02:00:00,0.0
2022-05-21 03:00:00,0.0
2022-05-21 04:00:00,2.9565795019152574
2022-05-21 05:00:00,25.2840431992081
2022-05-21 06:00:00,67.19963362478302
2022-05-21 07:00:00,173.71288931713207
2022-05-21 08:00:00,255.18725448701298
2022-05-21 09:00:00,311.50196689381846
2022-05-21 10:00:00,330.78366736494354
2022-05-21 11:00:00,283.47909869646537
2022-05-21 12:00:00,340.2434793395223
2022-05-21 13:00:00,322.4387010728242
2022-05-21 14:00:00,217.81382441185997
2022-05-21 15:00:00,152.64361995158833
2022-05-21 16:00:00,89.45264755669632
2022-05-21 17:00:00,56.700271186447935
2022-05-21 18:00:00,14.333023909945041
2022-05-21 19:00:00,0.3666500000108499
2022-05-21 20:00:00,0.0
2022-05-21 21:00:00,0.0
2022-05-21 22:00:00,0.0
2022-05-21 23:00:00,0.0
2022-05-22 00:00:00,0.0
2022-05-22 01:00:00,0.0
2022-05-22 02:00:00,0.0
2022-05-22 03:00:00,0.0
2022-05-22 04:00:00,13.159747239144053
2022-05-22 05:00:00,29.764027998084202
2022-05-22 06:00:00,64.52448447671486
2022-05-22 07:00:00,115.43185971444473
2022-05-22 08:00:00,174.12246711435728
2022-05-22 09:00:00,180.72176438063616
2022-05-22 10:00:00,248.9254914400226
2022-05-22 11:00:00,243.38089842686895
2022-05-22 12:00:00,288.91596689113067
2022-05-22 13:00:00,230.21229948819382
2022-05-22 14:00:00,231.27846015166142
2022-05-22 15:00:00,166.73356724437326
2022-05-22 16:00:00,52.73878594793496
2022-05-22 17:00:00,17.504341946390923
2022-05-22 18:00:00,18.48414784212946
2022-05-22 19:00:00,0.4632087912177667
2022-05-22 20:00:00,0.0
2022-05-22 21:00:00,0.0
2022-05-22 22:00:00,0.0
2022-05-22 23:00:00,0.0
2022-05-23 00:00:00,0.0
2022-05-23 01:00:00,0.0
2022-05-23 02:00:00,0.0
2022-05-23 03:00:00,0.0
2022-05-23 04:00:00,4.664626229379792
2022-05-23 05:00:00,39.95694084194838
2022-05-23 06:00:00,87.38417739135912
2022-05-23 07:00:00,178.99075578182237
2022-05-23 08:00:00,208.01331078782096
2022-05-23 09:00:00,289.6513327769062
2022-05-23 10:00:00,314.3877473961329
2022-05-23 11:00:00,204.45849692291813
2022-05-23 12:00:00,256.95997715136036
2022-05-23 13:00:00,164.0091521819122
2022-05-23 14:00:00,18.5092929880484
2022-05-23 15:00:00,15.096731934172567
2022-05-23 16:00:00,47.12122221649042
2022-05-23 17:00:00,10.968947679677512
2022-05-23 18:00:00,2.871453815489076
2022-05-23 19:00:00,0.0
2022-05-23 20:00:00,0.0
2022-05-23 21:00:00,0.0
2022-05-23 22:00:00,0.0
2022-05-23 23:00:00,0.0
2022-05-24 00:00:00,0.0
2022-05-24 01:00:00,0.0
2022-05-24 02:00:00,0.0
2022-05-24 03:00:00,0.0
2022-05-24 04:00:00,0.0
2022-05-24 05:00:00,17.594573267066153
2022-05-24 06:00:00,8.153194385376992
2022-05-24 07:00:00,20.026519948238274
2022-05-24 08:00:00,43.07661938024103
2022-05-24 09:00:00,53.77345063642133
2022-05-24 10:00:00,68.36083962878911
2022-05-24 11:00:00,107.9489373335382
2022-05-24 12:00:00,119.16682882924215
2022-05-24 13:00:00,77.24940473609604
2022-05-24 14:00:00,112.58642227906967
2022-05-24 15:00:00,117.21375099560828
2022-05-24 16:00:00,68.650756603427
2022-05-24 17:00:00,24.979259416402783
2022-05-24 18:00:00,5.727960474585416
2022-05-24 19:00:00,0.0
2022-05-24 20:00:00,0.0
2022-05-24 21:00:00,0.0
2022-05-24 22:00:00,0.0
2022-05-24 23:00:00,0.0
2022-05-25 00:00:00,0.0
2022-05-25 01:00:00,0.0
2022-05-25 02:00:00,0.0
2022-05-25 03:00:00,0.0
2022-05-25 04:00:00,1.5223172169644386
2022-05-25 05:00:00,12.615333485795418
2022-05-25 06:00:00,29.636352731555235
2022-05-25 07:00:00,111.82031139684841
2022-05-25 08:00:00,169.79897312060348
2022-05-25 09:00:00,226.6902819603274
2022-05-25 10:00:00,324.13721015211195
2022-05-25 11:00:00,260.38346546149114
2022-05-25 12:00:00,221.23713027502527
2022-05-25 13:00:00,167.893263968057
2022-05-25 14:00:00,194.97087157022906
2022-05-25 15:00:00,228.98275847750483
2022-05-25 16:00:00,117.58450346332393
2022-05-25 17:00:00,78.94031111133518
2022-05-25 18:00:00,11.14324007750838
2022-05-25 19:00:00,0.0530000000144355
2022-05-25 20:00:00,0.0
2022-05-25 21:00:00,0.0
2022-05-25 22:00:00,0.0
2022-05-25 23:00:00,0.0
2022-05-26 00:00:00,0.0
2022-05-26 01:00:00,0.0
2022-05-26 02:00:00,0.0
2022-05-26 03:00:00,0.0
2022-05-26 04:00:00,5.601001031318447
2022-05-26 05:00:00,24.760065346228657
2022-05-26 06:00:00,55.674459665984614
2022-05-26 07:00:00,116.75583094952162
2022-05-26 08:00:00,285.52624338370515
2022-05-26 09:00:00,335.37913991117966
2022-05-26 10:00:00,335.4607689321274
2022-05-26 11:00:00,353.2336998913961
2022-05-26 12:00:00,305.1469181495777
2022-05-26 13:00:00,303.21723729302175
2022-05-26 14:00:00,260.73186673098826
2022-05-26 15:00:00,191.08810601496953
2022-05-26 16:00:00,99.81601661906461
2022-05-26 17:00:00,47.92913112655515
2022-05-26 18:00:00,15.384506325557595
2022-05-26 19:00:00,0.6710158730274998
2022-05-26 20:00:00,0.0
2022-05-26 21:00:00,0.0
2022-05-26 22:00:00,0.0
2022-05-26 23:00:00,0.0
2022-05-27 00:00:00,0.0
2022-05-27 01:00:00,0.0
2022-05-27 02:00:00,0.0
2022-05-27 03:00:00,0.0
2022-05-27 04:00:00,13.610967886692379
2022-05-27 05:00:00,62.5497181956016
2022-05-27 06:00:00,128.6226649475575
2022-05-27 07:00:00,208.67825627152342
2022-05-27 08:00:00,272.69576559978304
2022-05-27 09:00:00,317.82288853556383
2022-05-27 10:00:00,333.1294130893075
2022-05-27 11:00:00,343.26720096712233
2022-05-27 12:00:00,340.22691331256647
2022-05-27 13:00:00,308.2905348447093
2022-05-27 14:00:00,295.45099158605444
2022-05-27 15:00:00,233.6061104798573
2022-05-27 16:00:00,159.68847858250956
2022-05-27 17:00:00,66.57024727514363
2022-05-27 18:00:00,10.515561526670353
2022-05-27 19:00:00,0.291924528311938
2022-05-27 20:00:00,0.0
2022-05-27 21:00:00,0.0
2022-05-27 22:00:00,0.0
2022-05-27 23:00:00,0.0
2022-05-28 00:00:00,0.0
2022-05-28 01:00:00,0.0
2022-05-28 02:00:00,0.0
2022-05-28 03:00:00,0.0
2022-05-28 04:00:00,1.1172907598083839
2022-05-28 05:00:00,5.348198775347555
2022-05-28 06:00:00,15.596789249946596
2022-05-28 07:00:00,41.57674647602835
2022-05-28 08:00:00,66.17631816960056
2022-05-28 09:00:00,77.99035311141051
2022-05-28 10:00:00,134.9855566895858
2022-05-28 11:00:00,269.0717763903085
2022-05-28 12:00:00,322.6257482309011
2022-05-28 13:00:00,234.3854647120752
2022-05-28 14:00:00,217.0606616223813
2022-05-28 15:00:00,179.7852087886422
2022-05-28 16:00:00,86.6039814359392
2022-05-28 17:00:00,50.80425900465343
2022-05-28 18:00:00,7.789824474370107
2022-05-28 19:00:00,0.0
2022-05-28 20:00:00,0.0
2022-05-28 21:00:00,0.0
2022-05-28 22:00:00,0.0
2022-05-28 23:00:00,0.0
2022-05-29 00:00:00,0.0
2022-05-29 01:00:00,0.0
2022-05-29 02:00:00,0.0
2022-05-29 03:00:00,0.0
2022-05-29 04:00:00,11.053710732288891
2022-05-29 05:00:00,56.538343099935446
2022-05-29 06:00:00,105.28681136638625
2022-05-29 07:00:00,122.12602629652247
2022-05-29 08:00:00,190.47764672958874
2022-05-29 09:00:00,273.965832108428
2022-05-29 10:00:00,303.48871073595365
2022-05-29 11:00:00,372.6680912596348
2022-05-29 12:00:00,302.30997948916047
2022-05-29 13:00:00,312.61287415752304
2022-05-29 14:00:00,151.21458642944344
2022-05-29 15:00:00,186.19660376929096
2022-05-29 16:00:00,68.66438324356568
2022-05-29 17:00:00,30.99418573427829
2022-05-29 18:00:00,17.76423617627006
2022-05-29 19:00:00,0.5170467289863154
2022-05-29 20:00:00,0.0
2022-05-29 21:00:00,0.0
2022-05-29 22:00:00,0.0
2022-05-29 23:00:00,0.0
2022-05-30 00:00:00,0.0
2022-05-30 01:00:00,0.0
2022-05-30 02:00:00,0.0
2022-05-30 03:00:00,0.2026666666788514
2022-05-30 04:00:00,10.68257872472168
2022-05-30 05:00:00,59.882203409360955
2022-05-30 06:00:00,90.01992041792255
2022-05-30 07:00:00,173.6070890580013
2022-05-30 08:00:00,105.83189562082407
2022-05-30 09:00:00,178.91803251521196
2022-05-30 10:00:00,240.4692918592773
2022-05-30 11:00:00,213.21312399374438
2022-05-30 12:00:00,228.04116052621976
2022-05-30 13:00:00,327.42826561894617
2022-05-30 14:00:00,270.03873059307807
2022-05-30 15:00:00,233.42457471226226
2022-05-30 16:00:00,152.158773889445
2022-05-30 17:00:00,80.98831757812877
2022-05-30 18:00:00,14.212861556239659
2022-05-30 19:00:00,0.439666666672565
2022-05-30 20:00:00,0.0
2022-05-30 21:00:00,0.0
2022-05-30 22:00:00,0.0
2022-05-30 23:00:00,0.0
2022-05-31 00:00:00,0.0
2022-05-31 01:00:00,0.0
2022-05-31 02:00:00,0.0
2022-05-31 03:00:00,0.0
2022-05-31 04:00:00,8.569085699127754
2022-05-31 05:00:00,35.39445634029107
2022-05-31 06:00:00,143.54500477481633
2022-05-31 07:00:00,216.1247196434415
2022-05-31 08:00:00,248.1323208103131
2022-05-31 09:00:00,221.08837093389593
2022-05-31 10:00:00,130.56870107079158
2022-05-31 11:00:00,134.1907876340265
2022-05-31 12:00:00,111.90554090970545
2022-05-31 13:00:00,162.49513944040518
2022-05-31 14:00:00,44.33375269820681
2022-05-31 15:00:00,25.696479168749647
2022-05-31 16:00:00,20.09482451734948
2022-05-31 17:00:00,15.246217404608615
2022-05-31 18:00:00,22.14772892612382
2022-05-31 19:00:00,0.4102588235400617
2022-05-31 20:00:00,0.0
2022-05-31 21:00:00,0.0
2022-05-31 22:00:00,0.0
2022-05-31 23:00:00,0.0
2022-06-01 00:00:00,0.0
2022-06-01 01:00:00,0.0
2022-06-01 02:00:00,0.0
2022-06-01 03:00:00,0.0
2022-06-01 04:00:00,7.452087031037081
2022-06-01 05:00:00,41.58463318980648
2022-06-01 06:00:00,71.0751333157823
2022-06-01 07:00:00,151.63390265134512
2022-06-01 08:00:00,168.9006609559292
2022-06-01 09:00:00,275.1935873712064
2022-06-01 10:00:00,153.25335392332636
2022-06-01 11:00:00,113.29388213786297
2022-06-01 12:00:00,73.06541933474364
2022-06-01 13:00:00,60.9431071895815
2022-06-01 14:00:00,58.956643611280015
2022-06-01 15:00:00,69.24848811034462
2022-06-01 16:00:00,66.510649915057
2022-06-01 17:00:00,35.87190664434456
2022-06-01 18:00:00,6.980582561722258
2022-06-01 19:00:00,0.0
2022-06-01 20:00:00,0.0
2022-06-01 21:00:00,0.0
2022-06-01 22:00:00,0.0
2022-06-01 23:00:00,0.0
2022-06-02 00:00:00,0.0
2022-06-02 01:00:00,0.0
2022-06-02 02:00:00,0.0
2022-06-02 03:00:00,0.2021428571315482
2022-06-02 04:00:00,13.965574269095669
2022-06-02 05:00:00,28.988374500651844
2022-06-02 06:00:00,96.04428010483389
2022-06-02 07:00:00,86.35743321938207
2022-06-02 08:00:00,225.6869987520331
2022-06-02 09:00:00,294.51199187122984
2022-06-02 10:00:00,337.1071839048818
2022-06-02 11:00:00,358.9708644525672
2022-06-02 12:00:00,292.65245737330406
2022-06-02 13:00:00,205.5413617893646
2022-06-02 14:00:00,253.507018497854
2022-06-02 15:00:00,223.83191711557447
2022-06-02 16:00:00,141.47776042870828
2022-06-02 17:00:00,80.71697596137528
2022-06-02 18:00:00,13.17273185995873
2022-06-02 19:00:00,0.3351683168439194
2022-06-02 20:00:00,0.0
2022-06-02 21:00:00,0.0
2022-06-02 22:00:00,0.0
2022-06-02 23:00:00,0.0
2022-06-03 00:00:00,0.0
2022-06-03 01:00:00,0.0
2022-06-03 02:00:00,0.0
2022-06-03 03:00:00,0.0940869565238244
2022-06-03 04:00:00,14.85029863010277
2022-06-03 05:00:00,56.018784889543895
2022-06-03 06:00:00,91.3691039783007
2022-06-03 07:00:00,197.7982029057457
2022-06-03 08:00:00,267.9136138658214
2022-06-03 09:00:00,307.00632588454755
2022-06-03 10:00:00,312.2057311751414
2022-06-03 11:00:00,84.95991791333654
2022-06-03 12:00:00,27.509489501273492
2022-06-03 13:00:00,13.046353921468835
2022-06-03 14:00:00,63.493930676049786
2022-06-03 15:00:00,57.82155979287927
2022-06-03 16:00:00,112.20373079189449
2022-06-03 17:00:00,61.986649022233905
2022-06-03 18:00:00,11.917727744410513
2022-06-03 19:00:00,0.266161290317541
2022-06-03 20:00:00,0.0
2022-06-03 21:00:00,0.0
2022-06-03 22:00:00,0.0
2022-06-03 23:00:00,0.0
2022-06-04 00:00:00,0.0
2022-06-04 01:00:00,0.0
2022-06-04 02:00:00,0.0
2022-06-04 03:00:00,0.0
2022-06-04 04:00:00,3.0402937969192863
2022-06-04 05:00:00,16.748591225303244
2022-06-04 06:00:00,127.2997101515648
2022-06-04 07:00:00,206.13347919101943
2022-06-04 08:00:00,267.15763707240694
2022-06-04 09:00:00,309.72139074496226
2022-06-04 10:00:00,329.76416857837467
2022-06-04 11:00:00,338.1477192280872
2022-06-04 12:00:00,295.428507525794
2022-06-04 13:00:00,301.65616570439306
2022-06-04 14:00:00,259.8358379336714
2022-06-04 15:00:00,176.2351914490573
2022-06-04 16:00:00,126.14232545456616
2022-06-04 17:00:00,61.84200787151349
2022-06-04 18:00:00,10.70063423688407
2022-06-04 19:00:00,0.5279999999911524
2022-06-04 20:00:00,0.0
2022-06-04 21:00:00,0.0
2022-06-04 22:00:00,0.0
2022-06-04 23:00:00,0.0
2022-06-05 00:00:00,0.0
2022-06-05 01:00:00,0.0
2022-06-05 02:00:00,0.0
2022-06-05 03:00:00,0.1506666666537057
2022-06-05 04:00:00,5.846621498640161
2022-06-05 05:00:00,36.497387766925385
2022-06-05 06:00:00,134.15406641672598
2022-06-05 07:00:00,106.29522126429947
2022-06-05 08:00:00,109.73741258186055
2022-06-05 09:00:00,104.63922809771611
2022-06-05 10:00:00,85.15882546102512
2022-06-05 11:00:00,35.61957555470872
2022-06-05 12:00:00,18.75000760727562
2022-06-05 13:00:00,67.38263369057677
2022-06-05 14:00:00,82.12136802313034
2022-06-05 15:00:00,77.50903083913727
2022-06-05 16:00:00,31.636129253340187
2022-06-05 17:00:00,42.12092015540111
2022-06-05 18:00:00,2.866119219426764
2022-06-05 19:00:00,2.866433964431053
2022-06-05 20:00:00,0.0
2022-06-05 21:00:00,0.0
2022-06-05 22:00:00,0.0
2022-06-05 23:00:00,0.0
2022-06-06 00:00:00,0.0
2022-06-06 01:00:00,0.0
2022-06-06 02:00:00,0.0
2022-06-06 03:00:00,0.0391999999992549
2022-06-06 04:00:00,13.068759420712013
2022-06-06 05:00:00,68.3413576822204
2022-06-06 06:00:00,145.7161901788786
2022-06-06 07:00:00,185.2048472801689
2022-06-06 08:00:00,259.02714709940483
2022-06-06 09:00:00,323.4019775732595
2022-06-06 10:00:00,348.8893411909521
2022-06-06 11:00:00,236.92161870995187
2022-06-06 12:00:00,228.31570293486584
2022-06-06 13:00:00,273.26418327659485
2022-06-06 14:00:00,224.43076055057463
2022-06-06 15:00:00,197.00718513136962
2022-06-06 16:00:00,135.61711203379673
2022-06-06 17:00:00,22.09591721056495
2022-06-06 18:00:00,14.192331489524804
2022-06-06 19:00:00,0.0
2022-06-06 20:00:00,0.0
2022-06-06 21:00:00,0.0
2022-06-06 22:00:00,0.0
2022-06-06 23:00:00,0.0
2022-06-07 00:00:00,0.0
2022-06-07 01:00:00,0.0
2022-06-07 02:00:00,0.0
2022-06-07 03:00:00,0.0
2022-06-07 04:00:00,2.575792682939209
2022-06-07 05:00:00,10.407758890563855
2022-06-07 06:00:00,37.534816424682504
2022-06-07 07:00:00,50.67220161523437
2022-06-07 08:00:00,65.70207103138091
2022-06-07 09:00:00,203.41943251519115
2022-06-07 10:00:00,245.87245843783603
2022-06-07 11:00:00,285.16829399205744
2022-06-07 12:00:00,183.52432249879348
2022-06-07 13:00:00,153.40800615455373
2022-06-07 14:00:00,157.18476002904936
2022-06-07 15:00:00,207.2895260535588
2022-06-07 16:00:00,54.59696020829142
2022-06-07 17:00:00,24.196449736715294
2022-06-07 18:00:00,7.43824943920481
2022-06-07 19:00:00,0.0480000000097788
2022-06-07 20:00:00,0.0
2022-06-07 21:00:00,0.0
2022-06-07 22:00:00,0.0
2022-06-07 23:00:00,0.0
2022-06-08 00:00:00,0.0
2022-06-08 01:00:00,0.0
2022-06-08 02:00:00,0.0
2022-06-08 03:00:00,0.1521481481613591
2022-06-08 04:00:00,16.564427369303303
2022-06-08 05:00:00,70.46535543628852
2022-06-08 06:00:00,146.8444970183773
2022-06-08 07:00:00,217.76174708118197
2022-06-08 08:00:00,184.75425193546107
2022-06-08 09:00:00,278.7510379315645
2022-06-08 10:00:00,293.0253180176369
2022-06-08 11:00:00,281.3141239960678
2022-06-08 12:00:00,134.04160994611448
2022-06-08 13:00:00,31.214994909620145
2022-06-08 14:00:00,47.57540119331679
2022-06-08 15:00:00,41.77706495200982
2022-06-08 16:00:00,68.79893709759926
2022-06-08 17:00:00,38.33198843777063
2022-06-08 18:00:00,17.081528861337574
2022-06-08 19:00:00,1.974603250011569
2022-06-08 20:00:00,0.0
2022-06-08 21:00:00,0.0
2022-06-08 22:00:00,0.0
2022-06-08 23:00:00,0.0
2022-06-09 00:00:00,0.0
2022-06-09 01:00:00,0.0
2022-06-09 02:00:00,0.0
2022-06-09 03:00:00,0.0
2022-06-09 04:00:00,0.5099651669152081
2022-06-09 05:00:00,12.84446459155879
2022-06-09 06:00:00,107.56123266307986
2022-06-09 07:00:00,176.48905441185343
2022-06-09 08:00:00,280.1902276795008
2022-06-09 09:00:00,160.57855917414417
2022-06-09 10:00:00,160.83777486850158
2022-06-09 11:00:00,109.15995405241847
2022-06-09 12:00:00,218.38107314839726
2022-06-09 13:00:00,249.224539808376
2022-06-09 14:00:00,30.533237478288356
2022-06-09 15:00:00,54.38062912301393
2022-06-09 16:00:00,74.91876291259541
2022-06-09 17:00:00,33.4927471668052
2022-06-09 18:00:00,20.071566239959793
2022-06-09 19:00:00,4.299372627370758
2022-06-09 20:00:00,0.0
2022-06-09 21:00:00,0.0
2022-06-09 22:00:00,0.0
2022-06-09 23:00:00,0.0
2022-06-10 00:00:00,0.0
2022-06-10 01:00:00,0.0
2022-06-10 02:00:00,0.0
2022-06-10 03:00:00,0.0
2022-06-10 04:00:00,9.486885879858164
2022-06-10 05:00:00,69.84859814625815
2022-06-10 06:00:00,149.93176183474134
2022-06-10 07:00:00,226.67579644487705
2022-06-10 08:00:00,287.57631016362575
2022-06-10 09:00:00,331.4052505356376
2022-06-10 10:00:00,358.8559777782648
2022-06-10 11:00:00,368.7027032696933
2022-06-10 12:00:00,360.6881143055798
2022-06-10 13:00:00,329.04917084262706
2022-06-10 14:00:00,288.286384921812
2022-06-10 15:00:00,234.37168923325953
2022-06-10 16:00:00,160.60235653159907
2022-06-10 17:00:00,88.27382765791845
2022-06-10 18:00:00,15.280975438596215
2022-06-10 19:00:00,1.2455795414862223
2022-06-10 20:00:00,0.0
2022-06-10 21:00:00,0.0
2022-06-10 22:00:00,0.0
2022-06-10 23:00:00,0.0
2022-06-11 00:00:00,0.0
2022-06-11 01:00:00,0.0
2022-06-11 02:00:00,0.0
2022-06-11 03:00:00,0.2702153846039437
2022-06-11 04:00:00,15.108528174139792
2022-06-11 05:00:00,67.76344959891867
2022-06-11 06:00:00,141.81474881264148
2022-06-11 07:00:00,216.46255318747717
2022-06-11 08:00:00,279.9948633250897
2022-06-11 09:00:00,324.8691226168885
2022-06-11 10:00:00,349.3253117396671
2022-06-11 11:00:00,360.0672392406559
2022-06-11 12:00:00,346.0075369992119
2022-06-11 13:00:00,320.3194956498919
2022-06-11 14:00:00,283.2438990789524
2022-06-11 15:00:00,229.76969687803648
2022-06-11 16:00:00,158.58259006854496
2022-06-11 17:00:00,86.3078759869386
2022-06-11 18:00:00,15.233735157817136
2022-06-11 19:00:00,1.173708270653151
2022-06-11 20:00:00,0.0
2022-06-11 21:00:00,0.0
2022-06-11 22:00:00,0.0
2022-06-11 23:00:00,0.0
2022-06-12 00:00:00,0.0
2022-06-12 01:00:00,0.0
2022-06-12 02:00:00,0.0
2022-06-12 03:00:00,0.1369999999878928
2022-06-12 04:00:00,13.79925410306896
2022-06-12 05:00:00,72.57697745412588
2022-06-12 06:00:00,133.29221574953408
2022-06-12 07:00:00,216.8611792002921
2022-06-12 08:00:00,276.615685623663
2022-06-12 09:00:00,317.76352531230077
2022-06-12 10:00:00,334.3895294886606
2022-06-12 11:00:00,353.8503080685041
2022-06-12 12:00:00,339.6189126179961
2022-06-12 13:00:00,316.4033240963763
2022-06-12 14:00:00,272.8755139003333
2022-06-12 15:00:00,213.93991793357418
2022-06-12 16:00:00,150.49328356431215
2022-06-12 17:00:00,83.15810304091428
2022-06-12 18:00:00,22.224395239405567
2022-06-12 19:00:00,1.277248995989794
2022-06-12 20:00:00,0.0
2022-06-12 21:00:00,0.0
2022-06-12 22:00:00,0.0
2022-06-12 23:00:00,0.0
2022-06-13 00:00:00,0.0
2022-06-13 01:00:00,0.0
2022-06-13 02:00:00,0.0
2022-06-13 03:00:00,0.0
2022-06-13 04:00:00,5.3495723874657415
2022-06-13 05:00:00,24.382625665457454
2022-06-13 06:00:00,33.95053086048574
2022-06-13 07:00:00,83.0524356518581
2022-06-13 08:00:00,24.233089255692903
2022-06-13 09:00:00,66.31295530259376
2022-06-13 10:00:00,87.98272910530795
2022-06-13 11:00:00,126.3938090101583
2022-06-13 12:00:00,169.44786688883323
2022-06-13 13:00:00,269.82607394547085
2022-06-13 14:00:00,208.237233462336
2022-06-13 15:00:00,183.1354444345925
2022-06-13 16:00:00,112.6868381613458
2022-06-13 17:00:00,96.27730659989174
2022-06-13 18:00:00,24.023392632458126
2022-06-13 19:00:00,4.05534217657987
2022-06-13 20:00:00,0.0
2022-06-13 21:00:00,0.0
2022-06-13 22:00:00,0.0
2022-06-13 23:00:00,0.0
2022-06-14 00:00:00,0.0
2022-06-14 01:00:00,0.0
2022-06-14 02:00:00,0.0
2022-06-14 03:00:00,0.1283750000002328
2022-06-14 04:00:00,13.9055109526671
2022-06-14 05:00:00,67.82045022581588
2022-06-14 06:00:00,142.3582217610092
2022-06-14 07:00:00,217.46250645670807
2022-06-14 08:00:00,279.07823087088764
2022-06-14 09:00:00,320.5309959380538
2022-06-14 10:00:00,344.9515195391141
2022-06-14 11:00:00,355.12005108137964
2022-06-14 12:00:00,342.74913358400227
2022-06-14 13:00:00,316.125484522403
2022-06-14 14:00:00,274.0314047440479
2022-06-14 15:00:00,229.04825516804704
2022-06-14 16:00:00,133.85157357307617
2022-06-14 17:00:00,91.19969535715063
2022-06-14 18:00:00,23.693374576658243
2022-06-14 19:00:00,3.1278110925049987
2022-06-14 20:00:00,0.0
2022-06-14 21:00:00,0.0
2022-06-14 22:00:00,0.0
2022-06-14 23:00:00,0.0
2022-06-15 00:00:00,0.0
2022-06-15 01:00:00,0.0
2022-06-15 02:00:00,0.0
2022-06-15 03:00:00,0.0
2022-06-15 04:00:00,7.145922675030306
2022-06-15 05:00:00,36.269184934557416
2022-06-15 06:00:00,96.98861768201459
2022-06-15 07:00:00,169.34230930433841
2022-06-15 08:00:00,245.43556857731892
2022-06-15 09:00:00,258.60076646809466
2022-06-15 10:00:00,272.4916012829344
2022-06-15 11:00:00,358.4059439659759
2022-06-15 12:00:00,331.07395576889394
2022-06-15 13:00:00,300.67440514231566
2022-06-15 14:00:00,261.5625025962363
2022-06-15 15:00:00,80.60838290725951
2022-06-15 16:00:00,15.416676364984596
2022-06-15 17:00:00,6.3560866917832755
2022-06-15 18:00:00,19.75005386819248
2022-06-15 19:00:00,2.819618267705664
2022-06-15 20:00:00,0.0
2022-06-15 21:00:00,0.0
2022-06-15 22:00:00,0.0
2022-06-15 23:00:00,0.0
2022-06-16 00:00:00,0.0
2022-06-16 01:00:00,0.0
2022-06-16 02:00:00,0.0
2022-06-16 03:00:00,0.0
2022-06-16 04:00:00,3.215521389589412
2022-06-16 05:00:00,24.51238371815998
2022-06-16 06:00:00,59.18029145809123
2022-06-16 07:00:00,79.98038456978976
2022-06-16 08:00:00,194.76716379527352
2022-06-16 09:00:00,246.00580112924217
2022-06-16 10:00:00,314.8488829298585
2022-06-16 11:00:00,293.9399821010011
2022-06-16 12:00:00,276.9227156054985
2022-06-16 13:00:00,213.771248754696
2022-06-16 14:00:00,218.9170773725491
2022-06-16 15:00:00,182.73904403619235
2022-06-16 16:00:00,143.25366433386807
2022-06-16 17:00:00,67.92077656989568
2022-06-16 18:00:00,17.489983159233816
2022-06-16 19:00:00,4.269183171971235
2022-06-16 20:00:00,0.0
2022-06-16 21:00:00,0.0
2022-06-16 22:00:00,0.0
2022-06-16 23:00:00,0.0
2022-06-17 00:00:00,0.0
2022-06-17 01:00:00,0.0
2022-06-17 02:00:00,0.0
2022-06-17 03:00:00,0.3791515151388012
2022-06-17 04:00:00,13.693299726728583
2022-06-17 05:00:00,58.73117005606764
2022-06-17 06:00:00,109.29763073590584
2022-06-17 07:00:00,180.49243069134536
2022-06-17 08:00:00,255.49199851352023
2022-06-17 09:00:00,306.5175235433562
2022-06-17 10:00:00,325.26126220298465
2022-06-17 11:00:00,342.1291220835992
2022-06-17 12:00:00,329.5828128649446
2022-06-17 13:00:00,301.39226426466485
2022-06-17 14:00:00,264.9642979563796
2022-06-17 15:00:00,171.67080862363218
2022-06-17 16:00:00,138.53472033512662
2022-06-17 17:00:00,83.02090303724981
2022-06-17 18:00:00,23.045746907271678
2022-06-17 19:00:00,2.5760645045083947
2022-06-17 20:00:00,0.0
2022-06-17 21:00:00,0.0
2022-06-17 22:00:00,0.0
2022-06-17 23:00:00,0.0
2022-06-18 00:00:00,0.0
2022-06-18 01:00:00,0.0
2022-06-18 02:00:00,0.0
2022-06-18 03:00:00,0.2102439024311024
2022-06-18 04:00:00,13.484384094597772
2022-06-18 05:00:00,63.92160124628572
2022-06-18 06:00:00,132.18473655593698
2022-06-18 07:00:00,200.67131969783804
2022-06-18 08:00:00,262.22996352316113
2022-06-18 09:00:00,302.5782236183004
2022-06-18 10:00:00,325.58340497346944
2022-06-18 11:00:00,335.83654095753445
2022-06-18 12:00:00,326.9552993516263
2022-06-18 13:00:00,301.68115605952335
2022-06-18 14:00:00,262.1014958010346
2022-06-18 15:00:00,209.76031228376087
2022-06-18 16:00:00,146.66819338683854
2022-06-18 17:00:00,80.69859925511992
2022-06-18 18:00:00,21.702040977979777
2022-06-18 19:00:00,2.0170982326962985
2022-06-18 20:00:00,0.0
2022-06-18 21:00:00,0.0
2022-06-18 22:00:00,0.0
2022-06-18 23:00:00,0.0
2022-06-19 00:00:00,0.0
2022-06-19 01:00:00,0.0
2022-06-19 02:00:00,0.0
2022-06-19 03:00:00,0.0
2022-06-19 04:00:00,13.96328689350048
2022-06-19 05:00:00,59.22530253068544
2022-06-19 06:00:00,126.27965149574447
2022-06-19 07:00:00,197.9028144289623
2022-06-19 08:00:00,257.10534617854864
2022-06-19 09:00:00,301.05528360194876
2022-06-19 10:00:00,326.62085606509936
2022-06-19 11:00:00,333.7903931051551
2022-06-19 12:00:00,322.86404369279626
2022-06-19 13:00:00,294.0132036760042
2022-06-19 14:00:00,237.09821220778394
2022-06-19 15:00:00,189.0488439767505
2022-06-19 16:00:00,30.14177286886843
2022-06-19 17:00:00,28.628667867771583
2022-06-19 18:00:00,16.418721778842155
2022-06-19 19:00:00,2.2015992766828276
2022-06-19 20:00:00,0.0
2022-06-19 21:00:00,0.0
2022-06-19 22:00:00,0.0
2022-06-19 23:00:00,0.0
2022-06-20 00:00:00,0.0
2022-06-20 01:00:00,0.0
2022-06-20 02:00:00,0.0
2022-06-20 03:00:00,0.1630000000004656
2022-06-20 04:00:00,13.758439570461633
2022-06-20 05:00:00,50.172326921863714
2022-06-20 06:00:00,122.02554667872027
2022-06-20 07:00:00,160.1577038167161
2022-06-20 08:00:00,186.38102462523966
2022-06-20 09:00:00,248.49278558589867
2022-06-20 10:00:00,321.97607658061315
2022-06-20 11:00:00,332.4547194945626
2022-06-20 12:00:00,325.7098295119067
2022-06-20 13:00:00,306.7695231908292
2022-06-20 14:00:00,249.29943808467942
2022-06-20 15:00:00,182.7196293870802
2022-06-20 16:00:00,136.7369449005928
2022-06-20 17:00:00,70.15002670648391
2022-06-20 18:00:00,33.47947543070768
2022-06-20 19:00:00,1.3319319419097155
2022-06-20 20:00:00,0.0
2022-06-20 21:00:00,0.0
2022-06-20 22:00:00,0.0
2022-06-20 23:00:00,0.0
2022-06-21 00:00:00,0.0
2022-06-21 01:00:00,0.0
2022-06-21 02:00:00,0.0
2022-06-21 03:00:00,0.1751578947296366
2022-06-21 04:00:00,11.85830276311026
2022-06-21 05:00:00,57.274486883339705
2022-06-21 06:00:00,92.76915480993921
2022-06-21 07:00:00,168.11564467757125
2022-06-21 08:00:00,109.76070380903548
2022-06-21 09:00:00,212.17337457148824
2022-06-21 10:00:00,301.36764550593216
2022-06-21 11:00:00,283.7218459667929
2022-06-21 12:00:00,317.29232519923244
2022-06-21 13:00:00,289.32749410165707
2022-06-21 14:00:00,248.4554010789434
2022-06-21 15:00:00,177.42786347708898
2022-06-21 16:00:00,110.55931283778045
2022-06-21 17:00:00,52.289663099567406
2022-06-21 18:00:00,7.505289558612276
2022-06-21 19:00:00,0.4925566666643134
2022-06-21 20:00:00,0.0
2022-06-21 21:00:00,0.0
2022-06-21 22:00:00,0.0
2022-06-21 23:00:00,0.0
2022-06-22 00:00:00,0.0
2022-06-22 01:00:00,0.0
2022-06-22 02:00:00,0.0
2022-06-22 03:00:00,0.0
2022-06-22 04:00:00,2.3194812872388866
2022-06-22 05:00:00,19.81500115871313
2022-06-22 06:00:00,31.42315937561216
2022-06-22 07:00:00,22.110557731852168
2022-06-22 08:00:00,34.649745657719905
2022-06-22 09:00:00,88.8214050771785
2022-06-22 10:00:00,113.43073278831434
2022-06-22 11:00:00,93.18661477437126
2022-06-22 12:00:00,340.5426597004116
2022-06-22 13:00:00,313.8240761368943
2022-06-22 14:00:00,266.3120820497279
2022-06-22 15:00:00,209.37941021702136
2022-06-22 16:00:00,92.65079061372671
2022-06-22 17:00:00,0.0
2022-06-22 18:00:00,0.0
2022-06-22 19:00:00,0.2078620689571835
2022-06-22 20:00:00,0.0
2022-06-22 21:00:00,0.0
2022-06-22 22:00:00,0.0
2022-06-22 23:00:00,0.0
2022-06-23 00:00:00,0.0
2022-06-23 01:00:00,0.0
2022-06-23 02:00:00,0.0
2022-06-23 03:00:00,0.0
2022-06-23 04:00:00,12.113615086622303
2022-06-23 05:00:00,62.87764546848484
2022-06-23 06:00:00,135.55829826919944
2022-06-23 07:00:00,207.81924331453047
2022-06-23 08:00:00,268.58625022901106
2022-06-23 09:00:00,310.2865870805108
2022-06-23 10:00:00,333.06808409266523
2022-06-23 11:00:00,331.13719397818204
2022-06-23 12:00:00,292.071406831732
2022-06-23 13:00:00,288.0773086081608
2022-06-23 14:00:00,186.48493184987456
2022-06-23 15:00:00,140.4608631960582
2022-06-23 16:00:00,68.73896967153996
2022-06-23 17:00:00,37.87371268495917
2022-06-23 18:00:00,3.568232766760048
2022-06-23 19:00:00,0.0
2022-06-23 20:00:00,0.0
2022-06-23 21:00:00,0.0
2022-06-23 22:00:00,0.0
2022-06-23 23:00:00,0.0
2022-06-24 00:00:00,0.0
2022-06-24 01:00:00,0.0
2022-06-24 02:00:00,0.0
2022-06-24 03:00:00,0.0
2022-06-24 04:00:00,12.822390177519992
2022-06-24 05:00:00,34.17970941175008
2022-06-24 06:00:00,66.40442773455288
2022-06-24 07:00:00,162.01511086284881
2022-06-24 08:00:00,121.8690112606273
2022-06-24 09:00:00,84.99119625182357
2022-06-24 10:00:00,15.736475779558532
2022-06-24 11:00:00,95.48891869862564
2022-06-24 12:00:00,57.444447641202714
2022-06-24 13:00:00,20.768983445537742
2022-06-24 14:00:00,11.250209857418668
2022-06-24 15:00:00,27.91153281676816
2022-06-24 16:00:00,5.86191122647142
2022-06-24 17:00:00,29.514829114137683
2022-06-24 18:00:00,34.649442956375424
2022-06-24 19:00:00,2.1326091994997114
2022-06-24 20:00:00,0.0
2022-06-24 21:00:00,0.0
2022-06-24 22:00:00,0.0
2022-06-24 23:00:00,0.0
2022-06-25 00:00:00,0.0
2022-06-25 01:00:00,0.0
2022-06-25 02:00:00,0.0
2022-06-25 03:00:00,0.0
2022-06-25 04:00:00,11.584810230939183
2022-06-25 05:00:00,64.4115201048553
2022-06-25 06:00:00,140.62368620344205
2022-06-25 07:00:00,215.99932118394645
2022-06-25 08:00:00,278.29103079321794
2022-06-25 09:00:00,319.313014354615
2022-06-25 10:00:00,335.43523776187794
2022-06-25 11:00:00,344.9471771767712
2022-06-25 12:00:00,344.2602667150204
2022-06-25 13:00:00,320.866360700049
2022-06-25 14:00:00,269.813562948606
2022-06-25 15:00:00,232.03389049589168
2022-06-25 16:00:00,160.47437204269227
2022-06-25 17:00:00,80.10982368490659
2022-06-25 18:00:00,25.22564876457909
2022-06-25 19:00:00,3.4491544258198696
2022-06-25 20:00:00,0.0
2022-06-25 21:00:00,0.0
2022-06-25 22:00:00,0.0
2022-06-25 23:00:00,0.0
2022-06-26 00:00:00,0.0
2022-06-26 01:00:00,0.0
2022-06-26 02:00:00,0.0
2022-06-26 03:00:00,0.0
2022-06-26 04:00:00,11.80022568575805
2022-06-26 05:00:00,61.756943092506845
2022-06-26 06:00:00,118.08486304950202
2022-06-26 07:00:00,123.92500745732104
2022-06-26 08:00:00,273.96922056598123
2022-06-26 09:00:00,315.47590936988126
2022-06-26 10:00:00,334.269116411102
2022-06-26 11:00:00,341.0223188017262
2022-06-26 12:00:00,335.9374203006155
2022-06-26 13:00:00,310.69111473247176
2022-06-26 14:00:00,271.4691913026618
2022-06-26 15:00:00,220.28122381330468
2022-06-26 16:00:00,153.85473886784166
2022-06-26 17:00:00,85.71406666666735
2022-06-26 18:00:00,18.73828147893073
2022-06-26 19:00:00,1.2465359477209856
2022-06-26 20:00:00,0.0
2022-06-26 21:00:00,0.0
2022-06-26 22:00:00,0.0
2022-06-26 23:00:00,0.0
2022-06-27 00:00:00,0.0
2022-06-27 01:00:00,0.0
2022-06-27 02:00:00,0.0
2022-06-27 03:00:00,0.0
2022-06-27 04:00:00,10.959700124163646
2022-06-27 05:00:00,23.379081678460352
2022-06-27 06:00:00,68.9758267304278
2022-06-27 07:00:00,121.80598127329722
2022-06-27 08:00:00,127.39768297219416
2022-06-27 09:00:00,125.05207136488752
2022-06-27 10:00:00,91.52158214093652
2022-06-27 11:00:00,55.823236613417976
2022-06-27 12:00:00,39.28395359433489
2022-06-27 13:00:00,26.559155322029255
2022-06-27 14:00:00,27.222159877885133
2022-06-27 15:00:00,20.06622698478168
2022-06-27 16:00:00,3.2648617276572622
2022-06-27 17:00:00,14.249374493665528
2022-06-27 18:00:00,0.1023999999742955
2022-06-27 19:00:00,1.0580125786364079
2022-06-27 20:00:00,0.0
2022-06-27 21:00:00,0.0
2022-06-27 22:00:00,0.0
2022-06-27 23:00:00,0.0
2022-06-28 00:00:00,0.0
2022-06-28 01:00:00,0.0
2022-06-28 02:00:00,0.0
2022-06-28 03:00:00,0.0
2022-06-28 04:00:00,10.623719072551467
2022-06-28 05:00:00,51.096780194493476
2022-06-28 06:00:00,122.60083186358679
2022-06-28 07:00:00,66.62800389411859
2022-06-28 08:00:00,28.562102696392685
2022-06-28 09:00:00,31.408195194322616
2022-06-28 10:00:00,55.726156443939544
2022-06-28 11:00:00,55.55587639583973
2022-06-28 12:00:00,41.862477266578935
2022-06-28 13:00:00,51.03439233772224
2022-06-28 14:00:00,48.54744611220667
2022-06-28 15:00:00,49.519639597448986
2022-06-28 16:00:00,35.50830756977666
2022-06-28 17:00:00,34.838509233202785
2022-06-28 18:00:00,17.308185095258523
2022-06-28 19:00:00,0.7834576507448219
2022-06-28 20:00:00,0.0
2022-06-28 21:00:00,0.0
2022-06-28 22:00:00,0.0
2022-06-28 23:00:00,0.0
2022-06-29 00:00:00,0.0
2022-06-29 01:00:00,0.0
2022-06-29 02:00:00,0.0
2022-06-29 03:00:00,0.0
2022-06-29 04:00:00,10.598442547779996
2022-06-29 05:00:00,51.98311164608458
2022-06-29 06:00:00,128.4954645250109
2022-06-29 07:00:00,204.24221070919884
2022-06-29 08:00:00,268.2089942197199
2022-06-29 09:00:00,312.90772369032493
2022-06-29 10:00:00,333.22363445709925
2022-06-29 11:00:00,325.9654226009152
2022-06-29 12:00:00,303.6679207229754
2022-06-29 13:00:00,292.88425084290793
2022-06-29 14:00:00,262.05752483342076
2022-06-29 15:00:00,223.14245139173
2022-06-29 16:00:00,153.30883151001763
2022-06-29 17:00:00,88.2664328419487
2022-06-29 18:00:00,21.478920108114835
2022-06-29 19:00:00,2.269442845718004
2022-06-29 20:00:00,0.0
2022-06-29 21:00:00,0.0
2022-06-29 22:00:00,0.0
2022-06-29 23:00:00,0.0
2022-06-30 00:00:00,0.0
2022-06-30 01:00:00,0.0
2022-06-30 02:00:00,0.0
2022-06-30 03:00:00,0.0
2022-06-30 04:00:00,10.035304145421833
2022-06-30 05:00:00,59.70835102483397
2022-06-30 06:00:00,131.9119326962973
2022-06-30 07:00:00,201.3617163626477
2022-06-30 08:00:00,264.34158182900865
2022-06-30 09:00:00,196.52445673162583
2022-06-30 10:00:00,57.03402019222267
2022-06-30 11:00:00,340.1124981585308
2022-06-30 12:00:00,105.39130256930366
2022-06-30 13:00:00,225.26132060348755
2022-06-30 14:00:00,262.7331468143966
2022-06-30 15:00:00,59.623560042178724
2022-06-30 16:00:00,53.59711470984621
2022-06-30 17:00:00,19.20630886364961
2022-06-30 18:00:00,1.573068376048468
2022-06-30 19:00:00,0.0
2022-06-30 20:00:00,0.0
2022-06-30 21:00:00,0.0
2022-06-30 22:00:00,0.0
2022-06-30 23:00:00,0.0
2022-07-01 00:00:00,0.0
2022-07-01 01:00:00,0.0
2022-07-01 02:00:00,0.0
2022-07-01 03:00:00,0.0
2022-07-01 04:00:00,1.2265380116878077
2022-07-01 05:00:00,4.6837280604522675
2022-07-01 06:00:00,12.595243414165452
2022-07-01 07:00:00,19.784618598641828
2022-07-01 08:00:00,53.238424040668185
2022-07-01 09:00:00,60.541260580241214
2022-07-01 10:00:00,38.51318316569086
2022-07-01 11:00:00,80.3509471078869
2022-07-01 12:00:00,97.87225607421715
2022-07-01 13:00:00,163.54805733560352
2022-07-01 14:00:00,175.11186056170845
2022-07-01 15:00:00,187.09324367862428
2022-07-01 16:00:00,134.60313304024749
2022-07-01 17:00:00,59.64536801481154
2022-07-01 18:00:00,16.00918242271291
2022-07-01 19:00:00,1.4430505050113425
2022-07-01 20:00:00,0.0
2022-07-01 21:00:00,0.0
2022-07-01 22:00:00,0.0
2022-07-01 23:00:00,0.0
2022-07-02 00:00:00,0.0
2022-07-02 01:00:00,0.0
2022-07-02 02:00:00,0.0
2022-07-02 03:00:00,0.0
2022-07-02 04:00:00,6.43602665810613
2022-07-02 05:00:00,48.61537765129469
2022-07-02 06:00:00,138.81828187644714
2022-07-02 07:00:00,219.8924239280168
2022-07-02 08:00:00,279.61178349191323
2022-07-02 09:00:00,322.3201189561514
2022-07-02 10:00:00,341.025773815345
2022-07-02 11:00:00,349.74272707646014
2022-07-02 12:00:00,340.49071245995583
2022-07-02 13:00:00,314.84369460633025
2022-07-02 14:00:00,278.15905937046045
2022-07-02 15:00:00,225.85685472283512
2022-07-02 16:00:00,157.71299866086338
2022-07-02 17:00:00,86.45708971162094
2022-07-02 18:00:00,18.29778007726418
2022-07-02 19:00:00,1.7106442748336121
2022-07-02 20:00:00,0.0
2022-07-02 21:00:00,0.0
2022-07-02 22:00:00,0.0
2022-07-02 23:00:00,0.0
2022-07-03 00:00:00,0.0
2022-07-03 01:00:00,0.0
2022-07-03 02:00:00,0.0
2022-07-03 03:00:00,0.0
2022-07-03 04:00:00,11.049298127996735
2022-07-03 05:00:00,60.63320143515011
2022-07-03 06:00:00,128.62892673892202
2022-07-03 07:00:00,203.40017508901656
2022-07-03 08:00:00,263.4154953217949
2022-07-03 09:00:00,307.78852975630434
2022-07-03 10:00:00,332.0464376822929
2022-07-03 11:00:00,341.11483380413847
2022-07-03 12:00:00,331.5837012423435
2022-07-03 13:00:00,304.2946421489469
2022-07-03 14:00:00,259.6897747191251
2022-07-03 15:00:00,213.88282636739314
2022-07-03 16:00:00,119.69809885916766
2022-07-03 17:00:00,88.16372025210876
2022-07-03 18:00:00,24.331294841889758
2022-07-03 19:00:00,2.4312627054168843
2022-07-03 20:00:00,0.0
2022-07-03 21:00:00,0.0
2022-07-03 22:00:00,0.0
2022-07-03 23:00:00,0.0
2022-07-04 00:00:00,0.0
2022-07-04 01:00:00,0.0
2022-07-04 02:00:00,0.0
2022-07-04 03:00:00,0.0
2022-07-04 04:00:00,0.0
2022-07-04 05:00:00,1.8381586460163815
2022-07-04 06:00:00,33.01832282618852
2022-07-04 07:00:00,103.9535665299627
2022-07-04 08:00:00,95.45808658906026
2022-07-04 09:00:00,203.89531475660624
2022-07-04 10:00:00,276.70640897599515
2022-07-04 11:00:00,234.10958180529997
2022-07-04 12:00:00,163.51288449193817
2022-07-04 13:00:00,169.87337088555796
2022-07-04 14:00:00,0.7138494623941369
2022-07-04 15:00:00,48.01844217872713
2022-07-04 16:00:00,104.90906459937105
2022-07-04 17:00:00,78.52997789043002
2022-07-04 18:00:00,19.65778010059148
2022-07-04 19:00:00,0.8530631536268628
2022-07-04 20:00:00,0.0
2022-07-04 21:00:00,0.0
2022-07-04 22:00:00,0.0
2022-07-04 23:00:00,0.0
2022-07-05 00:00:00,0.0
2022-07-05 01:00:00,0.0
2022-07-05 02:00:00,0.0
2022-07-05 03:00:00,0.0
2022-07-05 04:00:00,0.0399999999790452
2022-07-05 05:00:00,28.08364478551084
2022-07-05 06:00:00,44.00294024910545
2022-07-05 07:00:00,89.65849481057376
2022-07-05 08:00:00,147.9437246217276
2022-07-05 09:00:00,181.88861620920943
2022-07-05 10:00:00,289.19978660845663
2022-07-05 11:00:00,344.7960346066393
2022-07-05 12:00:00,343.4640871847514
2022-07-05 13:00:00,322.1955414969125
2022-07-05 14:00:00,243.44491702283267
2022-07-05 15:00:00,191.20600695494795
2022-07-05 16:00:00,111.08185515546938
2022-07-05 17:00:00,71.2111385348835
2022-07-05 18:00:00,18.270373513863888
2022-07-05 19:00:00,0.5725671641994268
2022-07-05 20:00:00,0.0
2022-07-05 21:00:00,0.0
2022-07-05 22:00:00,0.0
2022-07-05 23:00:00,0.0
2022-07-06 00:00:00,0.0
2022-07-06 01:00:00,0.0
2022-07-06 02:00:00,0.0
2022-07-06 03:00:00,0.0
2022-07-06 04:00:00,9.72048954461934
2022-07-06 05:00:00,55.935635257628746
2022-07-06 06:00:00,128.23947175667854
2022-07-06 07:00:00,204.3657946071471
2022-07-06 08:00:00,264.9808152114856
2022-07-06 09:00:00,309.26692671101773
2022-07-06 10:00:00,330.381141660735
2022-07-06 11:00:00,341.13867646455765
2022-07-06 12:00:00,339.8433140872512
2022-07-06 13:00:00,296.19366820546566
2022-07-06 14:00:00,283.9651396552217
2022-07-06 15:00:00,162.5111846490763
2022-07-06 16:00:00,74.68467254628194
2022-07-06 17:00:00,50.66872820275603
2022-07-06 18:00:00,12.578056910191663
2022-07-06 19:00:00,6.472889290889725
2022-07-06 20:00:00,0.0
2022-07-06 21:00:00,0.0
2022-07-06 22:00:00,0.0
2022-07-06 23:00:00,0.0
2022-07-07 00:00:00,0.0
2022-07-07 01:00:00,0.0
2022-07-07 02:00:00,0.0
2022-07-07 03:00:00,0.0
2022-07-07 04:00:00,9.154534242406953
2022-07-07 05:00:00,56.504261140711606
2022-07-07 06:00:00,126.92938563553616
2022-07-07 07:00:00,207.10058061702875
2022-07-07 08:00:00,238.9616932340432
2022-07-07 09:00:00,246.26012576115318
2022-07-07 10:00:00,274.15897591318935
2022-07-07 11:00:00,191.3901943191304
2022-07-07 12:00:00,233.01013376138872
2022-07-07 13:00:00,226.81354010512587
2022-07-07 14:00:00,101.3322873840225
2022-07-07 15:00:00,67.95971283159452
2022-07-07 16:00:00,53.08389928203542
2022-07-07 17:00:00,50.70330408756854
2022-07-07 18:00:00,14.07073792401934
2022-07-07 19:00:00,0.8009539735503495
2022-07-07 20:00:00,0.0
2022-07-07 21:00:00,0.0
2022-07-07 22:00:00,0.0
2022-07-07 23:00:00,0.0
2022-07-08 00:00:00,0.0
2022-07-08 01:00:00,0.0
2022-07-08 02:00:00,0.0
2022-07-08 03:00:00,0.0
2022-07-08 04:00:00,10.823276473674923
2022-07-08 05:00:00,60.59121716377558
2022-07-08 06:00:00,128.53066359466175
2022-07-08 07:00:00,211.46380399510963
2022-07-08 08:00:00,295.32072622177657
2022-07-08 09:00:00,330.6683874667506
2022-07-08 10:00:00,343.0095528292586
2022-07-08 11:00:00,350.75542798935203
2022-07-08 12:00:00,347.2637089313357
2022-07-08 13:00:00,322.1849533187342
2022-07-08 14:00:00,287.0731404555845
2022-07-08 15:00:00,233.54333252296783
2022-07-08 16:00:00,163.3670166656375
2022-07-08 17:00:00,90.45314186543692
2022-07-08 18:00:00,16.52859233052004
2022-07-08 19:00:00,1.1104163954150863
2022-07-08 20:00:00,0.0
2022-07-08 21:00:00,0.0
2022-07-08 22:00:00,0.0
2022-07-08 23:00:00,0.0
2022-07-09 00:00:00,0.0
2022-07-09 01:00:00,0.0
2022-07-09 02:00:00,0.0
2022-07-09 03:00:00,0.0
2022-07-09 04:00:00,8.622971657197922
2022-07-09 05:00:00,55.96158060297603
2022-07-09 06:00:00,130.09045052761212
2022-07-09 07:00:00,205.38164777605562
2022-07-09 08:00:00,265.09060083644
2022-07-09 09:00:00,314.1643859362812
2022-07-09 10:00:00,312.66406246536644
2022-07-09 11:00:00,328.0089209647849
2022-07-09 12:00:00,336.8930087390472
2022-07-09 13:00:00,310.3461685118964
2022-07-09 14:00:00,254.07703502575168
2022-07-09 15:00:00,228.75613478955347
2022-07-09 16:00:00,152.67494810459903
2022-07-09 17:00:00,103.68285993038444
2022-07-09 18:00:00,19.567814703739714
2022-07-09 19:00:00,2.3091710397275165
2022-07-09 20:00:00,0.0
2022-07-09 21:00:00,0.0
2022-07-09 22:00:00,0.0
2022-07-09 23:00:00,0.0
2022-07-10 00:00:00,0.0
2022-07-10 01:00:00,0.0
2022-07-10 02:00:00,0.0
2022-07-10 03:00:00,0.0
2022-07-10 04:00:00,9.06301893555792
2022-07-10 05:00:00,48.43786194646964
2022-07-10 06:00:00,123.5078392632422
2022-07-10 07:00:00,199.17368004552554
2022-07-10 08:00:00,260.92947154986905
2022-07-10 09:00:00,306.04752922971966
2022-07-10 10:00:00,332.12797097326256
2022-07-10 11:00:00,326.2741297611501
2022-07-10 12:00:00,339.87450435431674
2022-07-10 13:00:00,313.28651420242386
2022-07-10 14:00:00,277.10335635673255
2022-07-10 15:00:00,224.15610676450888
2022-07-10 16:00:00,156.34983235498657
2022-07-10 17:00:00,87.46533872041618
2022-07-10 18:00:00,18.022224473010283
2022-07-10 19:00:00,1.7495794894057326
2022-07-10 20:00:00,0.0
2022-07-10 21:00:00,0.0
2022-07-10 22:00:00,0.0
2022-07-10 23:00:00,0.0
2022-07-11 00:00:00,0.0
2022-07-11 01:00:00,0.0
2022-07-11 02:00:00,0.0
2022-07-11 03:00:00,0.0
2022-07-11 04:00:00,7.75006467057392
2022-07-11 05:00:00,53.88419179507764
2022-07-11 06:00:00,126.71083071705652
2022-07-11 07:00:00,201.94908585917437
2022-07-11 08:00:00,263.34948748053284
2022-07-11 09:00:00,306.88281038583955
2022-07-11 10:00:00,329.4549823743873
2022-07-11 11:00:00,340.53197356220335
2022-07-11 12:00:00,340.16667027783114
2022-07-11 13:00:00,315.4310665630037
2022-07-11 14:00:00,279.0596232904936
2022-07-11 15:00:00,224.77424389112275
2022-07-11 16:00:00,157.8116522032651
2022-07-11 17:00:00,85.97586818150012
2022-07-11 18:00:00,16.323332485044375
2022-07-11 19:00:00,1.1014074073755182
2022-07-11 20:00:00,0.0
2022-07-11 21:00:00,0.0
2022-07-11 22:00:00,0.0
2022-07-11 23:00:00,0.0
2022-07-12 00:00:00,0.0
2022-07-12 01:00:00,0.0
2022-07-12 02:00:00,0.0
2022-07-12 03:00:00,0.0
2022-07-12 04:00:00,12.486490726703778
2022-07-12 05:00:00,48.515808179741725
2022-07-12 06:00:00,124.88530441815965
2022-07-12 07:00:00,202.30749291012762
2022-07-12 08:00:00,260.5438097307924
2022-07-12 09:00:00,307.3050146245514
2022-07-12 10:00:00,328.4908216209733
2022-07-12 11:00:00,334.4545332014677
2022-07-12 12:00:00,340.1771615955513
2022-07-12 13:00:00,316.11406306462595
2022-07-12 14:00:00,282.27407495240914
2022-07-12 15:00:00,228.63110847969074
2022-07-12 16:00:00,158.0911799116875
2022-07-12 17:00:00,84.39447023585672
2022-07-12 18:00:00,20.71296553564025
2022-07-12 19:00:00,1.734129834396299
2022-07-12 20:00:00,0.0
2022-07-12 21:00:00,0.0
2022-07-12 22:00:00,0.0
2022-07-12 23:00:00,0.0
2022-07-13 00:00:00,0.0
2022-07-13 01:00:00,0.0
2022-07-13 02:00:00,0.0
2022-07-13 03:00:00,0.0
2022-07-13 04:00:00,6.309714450791944
2022-07-13 05:00:00,53.368935273669194
2022-07-13 06:00:00,128.0395212074509
2022-07-13 07:00:00,203.77013811905636
2022-07-13 08:00:00,265.34454535349505
2022-07-13 09:00:00,307.3054684638046
2022-07-13 10:00:00,326.5942471802118
2022-07-13 11:00:00,333.222362083965
2022-07-13 12:00:00,330.80279404571047
2022-07-13 13:00:00,303.44238028489053
2022-07-13 14:00:00,269.240782441746
2022-07-13 15:00:00,217.0006844663876
2022-07-13 16:00:00,156.54476753203198
2022-07-13 17:00:00,68.1927722619148
2022-07-13 18:00:00,20.032048985129222
2022-07-13 19:00:00,0.6390153846004978
2022-07-13 20:00:00,0.0
2022-07-13 21:00:00,0.0
2022-07-13 22:00:00,0.0
2022-07-13 23:00:00,0.0
2022-07-14 00:00:00,0.0
2022-07-14 01:00:00,0.0
2022-07-14 02:00:00,0.0
2022-07-14 03:00:00,0.0
2022-07-14 04:00:00,3.276690425351262
2022-07-14 05:00:00,22.33074648922775
2022-07-14 06:00:00,120.86138133070199
2022-07-14 07:00:00,193.4897758170846
2022-07-14 08:00:00,249.113429859397
2022-07-14 09:00:00,272.1975116497488
2022-07-14 10:00:00,320.5801895043696
2022-07-14 11:00:00,321.6149893174297
2022-07-14 12:00:00,321.4325539992424
2022-07-14 13:00:00,288.6360985969659
2022-07-14 14:00:00,245.1731135941227
2022-07-14 15:00:00,208.7611599432421
2022-07-14 16:00:00,146.07974496285897
2022-07-14 17:00:00,80.01297441369388
2022-07-14 18:00:00,15.707490872882772
2022-07-14 19:00:00,1.042156028386671
2022-07-14 20:00:00,0.0
2022-07-14 21:00:00,0.0
2022-07-14 22:00:00,0.0
2022-07-14 23:00:00,0.0
2022-07-15 00:00:00,0.0
2022-07-15 01:00:00,0.0
2022-07-15 02:00:00,0.0
2022-07-15 03:00:00,0.0
2022-07-15 04:00:00,5.099075877747964
2022-07-15 05:00:00,34.60180988186039
2022-07-15 06:00:00,102.78563235851469
2022-07-15 07:00:00,190.59265531221172
2022-07-15 08:00:00,225.18781912553823
2022-07-15 09:00:00,219.98192572128028
2022-07-15 10:00:00,248.96784048544941
2022-07-15 11:00:00,337.18563867214834
2022-07-15 12:00:00,282.79385938536143
2022-07-15 13:00:00,250.44910118350526
2022-07-15 14:00:00,155.30192181491293
2022-07-15 15:00:00,122.40856278885622
2022-07-15 16:00:00,88.25793622265337
2022-07-15 17:00:00,48.22415273234947
2022-07-15 18:00:00,15.439019400975667
2022-07-15 19:00:00,0.786590788513422
2022-07-15 20:00:00,0.0
2022-07-15 21:00:00,0.0
2022-07-15 22:00:00,0.0
2022-07-15 23:00:00,0.0
2022-07-16 00:00:00,0.0
2022-07-16 01:00:00,0.0
2022-07-16 02:00:00,0.0
2022-07-16 03:00:00,0.0
2022-07-16 04:00:00,5.003140267566778
2022-07-16 05:00:00,47.85389901819872
2022-07-16 06:00:00,115.81119999999646
2022-07-16 07:00:00,189.0982573775109
2022-07-16 08:00:00,250.43889874528395
2022-07-16 09:00:00,294.5921803091769
2022-07-16 10:00:00,316.84603245725157
2022-07-16 11:00:00,329.3389699513209
2022-07-16 12:00:00,326.0391995784594
2022-07-16 13:00:00,302.6919529128354
2022-07-16 14:00:00,266.402965168003
2022-07-16 15:00:00,212.67452064959798
2022-07-16 16:00:00,146.0082579452428
2022-07-16 17:00:00,78.85446908284212
2022-07-16 18:00:00,19.289567871252075
2022-07-16 19:00:00,1.2997885906370357
2022-07-16 20:00:00,0.0
2022-07-16 21:00:00,0.0
2022-07-16 22:00:00,0.0
2022-07-16 23:00:00,0.0
2022-07-17 00:00:00,0.0
2022-07-17 01:00:00,0.0
2022-07-17 02:00:00,0.0
2022-07-17 03:00:00,0.0
2022-07-17 04:00:00,4.1168393000843935
2022-07-17 05:00:00,48.54356302600354
2022-07-17 06:00:00,119.18560406187316
2022-07-17 07:00:00,192.84445982327452
2022-07-17 08:00:00,255.5551949396613
2022-07-17 09:00:00,299.0435382151627
2022-07-17 10:00:00,320.4164755856036
2022-07-17 11:00:00,326.6328332721605
2022-07-17 12:00:00,325.01754186465405
2022-07-17 13:00:00,301.2281466409913
2022-07-17 14:00:00,270.4967887723469
2022-07-17 15:00:00,218.6375013681827
2022-07-17 16:00:00,150.2442803453887
2022-07-17 17:00:00,80.09548512962647
2022-07-17 18:00:00,14.91926966077881
2022-07-17 19:00:00,0.8919258106616326
2022-07-17 20:00:00,0.0
2022-07-17 21:00:00,0.0
2022-07-17 22:00:00,0.0
2022-07-17 23:00:00,0.0
2022-07-18 00:00:00,0.0
2022-07-18 01:00:00,0.0
2022-07-18 02:00:00,0.0
2022-07-18 03:00:00,0.0
2022-07-18 04:00:00,4.489231162820943
2022-07-18 05:00:00,47.48732351826038
2022-07-18 06:00:00,116.87929569592234
2022-07-18 07:00:00,191.06576208019396
2022-07-18 08:00:00,252.1223390683299
2022-07-18 09:00:00,295.5732894850662
2022-07-18 10:00:00,314.7839907507878
2022-07-18 11:00:00,323.65411672758637
2022-07-18 12:00:00,322.2134464135743
2022-07-18 13:00:00,298.71393545763567
2022-07-18 14:00:00,267.9902228374267
2022-07-18 15:00:00,216.17588293348672
2022-07-18 16:00:00,147.83621827757452
2022-07-18 17:00:00,79.60005913372152
2022-07-18 18:00:00,14.352874830423389
2022-07-18 19:00:00,0.7816218708758241
2022-07-18 20:00:00,0.0
2022-07-18 21:00:00,0.0
2022-07-18 22:00:00,0.0
2022-07-18 23:00:00,0.0
2022-07-19 00:00:00,0.0
2022-07-19 01:00:00,0.0
2022-07-19 02:00:00,0.0
2022-07-19 03:00:00,0.0
2022-07-19 04:00:00,3.6887019483256154
2022-07-19 05:00:00,46.63923987938324
2022-07-19 06:00:00,115.22165657574078
2022-07-19 07:00:00,188.66982000530697
2022-07-19 08:00:00,249.86158105847426
2022-07-19 09:00:00,293.3535084601026
2022-07-19 10:00:00,313.09264659683686
2022-07-19 11:00:00,322.52028624730883
2022-07-19 12:00:00,319.6675583382603
2022-07-19 13:00:00,291.91334804613143
2022-07-19 14:00:00,254.3184610840981
2022-07-19 15:00:00,201.50753260718193
2022-07-19 16:00:00,137.810419924499
2022-07-19 17:00:00,71.19197276071645
2022-07-19 18:00:00,13.108111830311827
2022-07-19 19:00:00,0.0
2022-07-19 20:00:00,0.0
2022-07-19 21:00:00,0.0
2022-07-19 22:00:00,0.0
2022-07-19 23:00:00,0.0
2022-07-20 00:00:00,0.0
2022-07-20 01:00:00,0.0
2022-07-20 02:00:00,0.0
2022-07-20 03:00:00,0.0
2022-07-20 04:00:00,10.582924219954293
2022-07-20 05:00:00,47.529968144895975
2022-07-20 06:00:00,32.548340484907385
2022-07-20 07:00:00,97.90684491745196
2022-07-20 08:00:00,226.37384025612846
2022-07-20 09:00:00,260.00776650646003
2022-07-20 10:00:00,213.64320709230378
2022-07-20 11:00:00,246.7553370851092
2022-07-20 12:00:00,295.62204132258194
2022-07-20 13:00:00,284.3033099178574
2022-07-20 14:00:00,202.39226823102217
2022-07-20 15:00:00,15.276279766112566
2022-07-20 16:00:00,9.534550598531496
2022-07-20 17:00:00,8.538090599351563
2022-07-20 18:00:00,0.0
2022-07-20 19:00:00,0.0
2022-07-20 20:00:00,0.0
2022-07-20 21:00:00,0.0
2022-07-20 22:00:00,0.0
2022-07-20 23:00:00,0.0
2022-07-21 00:00:00,0.0
2022-07-21 01:00:00,0.0
2022-07-21 02:00:00,0.0
2022-07-21 03:00:00,0.0
2022-07-21 04:00:00,0.1532857142738066
2022-07-21 05:00:00,4.9024399511981755
2022-07-21 06:00:00,24.372096245351713
2022-07-21 07:00:00,55.73647660610732
2022-07-21 08:00:00,81.28238919359865
2022-07-21 09:00:00,146.07053523050854
2022-07-21 10:00:00,327.1813128024223
2022-07-21 11:00:00,270.34328525839373
2022-07-21 12:00:00,292.7794886932825
2022-07-21 13:00:00,298.40604341164
2022-07-21 14:00:00,240.75916439929279
2022-07-21 15:00:00,116.05946232104907
2022-07-21 16:00:00,109.97047788504278
2022-07-21 17:00:00,40.60050021013012
2022-07-21 18:00:00,20.32306422718102
2022-07-21 19:00:00,1.5486437710351308
2022-07-21 20:00:00,0.0
2022-07-21 21:00:00,0.0
2022-07-21 22:00:00,0.0
2022-07-21 23:00:00,0.0
2022-07-22 00:00:00,0.0
2022-07-22 01:00:00,0.0
2022-07-22 02:00:00,0.0
2022-07-22 03:00:00,0.0
2022-07-22 04:00:00,4.0591584914946
2022-07-22 05:00:00,43.808717374515254
2022-07-22 06:00:00,109.87453898100648
2022-07-22 07:00:00,185.73930664046202
2022-07-22 08:00:00,250.91634711553343
2022-07-22 09:00:00,296.27672093204455
2022-07-22 10:00:00,315.3225302217179
2022-07-22 11:00:00,324.9618829038227
2022-07-22 12:00:00,322.1779139559367
2022-07-22 13:00:00,292.6348960742471
2022-07-22 14:00:00,254.93224568251753
2022-07-22 15:00:00,203.12943698314484
2022-07-22 16:00:00,156.86182371905306
2022-07-22 17:00:00,91.56899225176312
2022-07-22 18:00:00,30.464428195671644
2022-07-22 19:00:00,0.6761311475420371
2022-07-22 20:00:00,0.0
2022-07-22 21:00:00,0.0
2022-07-22 22:00:00,0.0
2022-07-22 23:00:00,0.0
2022-07-23 00:00:00,0.0
2022-07-23 01:00:00,0.0
2022-07-23 02:00:00,0.0
2022-07-23 03:00:00,0.0
2022-07-23 04:00:00,0.8747024608310312
2022-07-23 05:00:00,18.488849236513488
2022-07-23 06:00:00,7.228001315495931
2022-07-23 07:00:00,60.67173450748669
2022-07-23 08:00:00,122.90168170124525
2022-07-23 09:00:00,284.5484482505126
2022-07-23 10:00:00,293.94072010274976
2022-07-23 11:00:00,293.16523850057274
2022-07-23 12:00:00,206.75244303361978
2022-07-23 13:00:00,162.3284888889175
2022-07-23 14:00:00,147.43680585041875
2022-07-23 15:00:00,106.42863046191633
2022-07-23 16:00:00,90.45616006676573
2022-07-23 17:00:00,15.866101792489644
2022-07-23 18:00:00,7.011278237216175
2022-07-23 19:00:00,0.1045000000158324
2022-07-23 20:00:00,0.0
2022-07-23 21:00:00,0.0
2022-07-23 22:00:00,0.0
2022-07-23 23:00:00,0.0
2022-07-24 00:00:00,0.0
2022-07-24 01:00:00,0.0
2022-07-24 02:00:00,0.0
2022-07-24 03:00:00,0.0
2022-07-24 04:00:00,2.8700134773389436
2022-07-24 05:00:00,38.879756127193104
2022-07-24 06:00:00,105.68365672125947
2022-07-24 07:00:00,179.50681505148532
2022-07-24 08:00:00,246.15448205091525
2022-07-24 09:00:00,288.7797455423279
2022-07-24 10:00:00,309.7598647024133
2022-07-24 11:00:00,321.46949160977965
2022-07-24 12:00:00,321.3083830047981
2022-07-24 13:00:00,297.63959019456524
2022-07-24 14:00:00,259.3128251894377
2022-07-24 15:00:00,205.52118747052737
2022-07-24 16:00:00,139.21810483641457
2022-07-24 17:00:00,72.34702305623796
2022-07-24 18:00:00,13.979425369238015
2022-07-24 19:00:00,0.4816453900421038
2022-07-24 20:00:00,0.0
2022-07-24 21:00:00,0.0
2022-07-24 22:00:00,0.0
2022-07-24 23:00:00,0.0
2022-07-25 00:00:00,0.0
2022-07-25 01:00:00,0.0
2022-07-25 02:00:00,0.0
2022-07-25 03:00:00,0.0
2022-07-25 04:00:00,2.960075096169021
2022-07-25 05:00:00,40.59200734028127
2022-07-25 06:00:00,106.33088771806797
2022-07-25 07:00:00,181.045647862833
2022-07-25 08:00:00,244.38735489698593
2022-07-25 09:00:00,287.64081288536545
2022-07-25 10:00:00,305.4354090138222
2022-07-25 11:00:00,314.66196894535096
2022-07-25 12:00:00,313.18088006193284
2022-07-25 13:00:00,279.9385064415401
2022-07-25 14:00:00,259.6598497059895
2022-07-25 15:00:00,130.93287744215922
2022-07-25 16:00:00,112.83437929296633
2022-07-25 17:00:00,37.83388022251893
2022-07-25 18:00:00,14.844487073947676
2022-07-25 19:00:00,6.1305373482755385
2022-07-25 20:00:00,0.0
2022-07-25 21:00:00,0.0
2022-07-25 22:00:00,0.0
2022-07-25 23:00:00,0.0
2022-07-26 00:00:00,0.0
2022-07-26 01:00:00,0.0
2022-07-26 02:00:00,0.0
2022-07-26 03:00:00,0.0
2022-07-26 04:00:00,0.0
2022-07-26 05:00:00,3.6056017269729637
2022-07-26 06:00:00,7.987505522090942
2022-07-26 07:00:00,23.955919169879053
2022-07-26 08:00:00,32.95073415862862
2022-07-26 09:00:00,53.27611803635955
2022-07-26 10:00:00,59.26632976112887
2022-07-26 11:00:00,122.52735320967622
2022-07-26 12:00:00,301.9001347727608
2022-07-26 13:00:00,183.71413352742093
2022-07-26 14:00:00,263.50649775285274
2022-07-26 15:00:00,109.34490328776883
2022-07-26 16:00:00,35.66410746006295
2022-07-26 17:00:00,19.34127034858102
2022-07-26 18:00:00,5.773366499051917
2022-07-26 19:00:00,0.0
2022-07-26 20:00:00,0.0
2022-07-26 21:00:00,0.0
2022-07-26 22:00:00,0.0
2022-07-26 23:00:00,0.0
2022-07-27 00:00:00,0.0
2022-07-27 01:00:00,0.0
2022-07-27 02:00:00,0.0
2022-07-27 03:00:00,0.0
2022-07-27 04:00:00,3.0376624675118364
2022-07-27 05:00:00,23.978291463048663
2022-07-27 06:00:00,33.49464201700175
2022-07-27 07:00:00,66.44856085977517
2022-07-27 08:00:00,146.1525402905536
2022-07-27 09:00:00,167.45406425569672
2022-07-27 10:00:00,165.26953720877646
2022-07-27 11:00:00,256.42721270781476
2022-07-27 12:00:00,185.22253006935352
2022-07-27 13:00:00,221.1256085834466
2022-07-27 14:00:00,216.9207743347506
2022-07-27 15:00:00,142.3903616493917
2022-07-27 16:00:00,71.00953025376657
2022-07-27 17:00:00,67.29442665574607
2022-07-27 18:00:00,17.030256369151175
2022-07-27 19:00:00,0.7341359223355539
2022-07-27 20:00:00,0.0
2022-07-27 21:00:00,0.0
2022-07-27 22:00:00,0.0
2022-07-27 23:00:00,0.0
2022-07-28 00:00:00,0.0
2022-07-28 01:00:00,0.0
2022-07-28 02:00:00,0.0
2022-07-28 03:00:00,0.0
2022-07-28 04:00:00,2.5740052552428097
2022-07-28 05:00:00,38.31415009050397
2022-07-28 06:00:00,104.85908443335211
2022-07-28 07:00:00,181.9077699346817
2022-07-28 08:00:00,247.08373835170642
2022-07-28 09:00:00,291.3737023193971
2022-07-28 10:00:00,316.31261046463624
2022-07-28 11:00:00,327.6918886146159
2022-07-28 12:00:00,318.41510471055517
2022-07-28 13:00:00,293.9701533752377
2022-07-28 14:00:00,236.27446568320738
2022-07-28 15:00:00,46.07213804585626
2022-07-28 16:00:00,0.0
2022-07-28 17:00:00,0.8492801358224824
2022-07-28 18:00:00,6.3401013617403805
2022-07-28 19:00:00,0.2909855072502978
2022-07-28 20:00:00,0.0
2022-07-28 21:00:00,0.0
2022-07-28 22:00:00,0.0
2022-07-28 23:00:00,0.0
2022-07-29 00:00:00,0.0
2022-07-29 01:00:00,0.0
2022-07-29 02:00:00,0.0
2022-07-29 03:00:00,0.0
2022-07-29 04:00:00,1.8484265822917223
2022-07-29 05:00:00,14.049525094684213
2022-07-29 06:00:00,28.125213545397855
2022-07-29 07:00:00,83.12710868386785
2022-07-29 08:00:00,78.29644533066312
2022-07-29 09:00:00,215.54648139397614
2022-07-29 10:00:00,260.82467533816816
2022-07-29 11:00:00,85.64059996651486
2022-07-29 12:00:00,47.46419653954217
2022-07-29 13:00:00,55.129710548964795
2022-07-29 14:00:00,69.14569942496018
2022-07-29 15:00:00,18.74065089703072
2022-07-29 16:00:00,31.32801709830528
2022-07-29 17:00:00,36.30869325698586
2022-07-29 18:00:00,11.85927368508419
2022-07-29 19:00:00,0.0279999999911524
2022-07-29 20:00:00,0.0
2022-07-29 21:00:00,0.0
2022-07-29 22:00:00,0.0
2022-07-29 23:00:00,0.0
2022-07-30 00:00:00,0.0
2022-07-30 01:00:00,0.0
2022-07-30 02:00:00,0.0
2022-07-30 03:00:00,0.0
2022-07-30 04:00:00,3.7527869822224607
2022-07-30 05:00:00,33.34246001421707
2022-07-30 06:00:00,81.90861539519392
2022-07-30 07:00:00,115.16313441190869
2022-07-30 08:00:00,252.5085258312174
2022-07-30 09:00:00,297.9983650073409
2022-07-30 10:00:00,318.90858453616966
2022-07-30 11:00:00,313.13959231373155
2022-07-30 12:00:00,169.8613540774677
2022-07-30 13:00:00,282.9250960224308
2022-07-30 14:00:00,298.97608366195345
2022-07-30 15:00:00,173.20604973030277
2022-07-30 16:00:00,125.8554780309787
2022-07-30 17:00:00,27.21485374047188
2022-07-30 18:00:00,15.120451486611273
2022-07-30 19:00:00,0.0
2022-07-30 20:00:00,0.0
2022-07-30 21:00:00,0.0
2022-07-30 22:00:00,0.0
2022-07-30 23:00:00,0.0
2022-07-31 00:00:00,0.0
2022-07-31 01:00:00,0.0
2022-07-31 02:00:00,0.0
2022-07-31 03:00:00,0.0
2022-07-31 04:00:00,1.5599147519096732
2022-07-31 05:00:00,34.65698362060357
2022-07-31 06:00:00,109.63713269837899
2022-07-31 07:00:00,179.93048044166062
2022-07-31 08:00:00,244.63087864633417
2022-07-31 09:00:00,291.0878063281998
2022-07-31 10:00:00,309.931337197253
2022-07-31 11:00:00,316.59752349037444
2022-07-31 12:00:00,208.97184098511934
2022-07-31 13:00:00,296.2053009206429
2022-07-31 14:00:00,229.7230881258729
2022-07-31 15:00:00,205.3583080995013
2022-07-31 16:00:00,135.30751506012166
2022-07-31 17:00:00,63.953358374768875
2022-07-31 18:00:00,9.11448248528177
2022-07-31 19:00:00,0.2217230769456364
2022-07-31 20:00:00,0.0
2022-07-31 21:00:00,0.0
2022-07-31 22:00:00,0.0
2022-07-31 23:00:00,0.0
2022-08-01 00:00:00,0.0
2022-08-01 01:00:00,0.0
2022-08-01 02:00:00,0.0
2022-08-01 03:00:00,0.0
2022-08-01 04:00:00,2.1488805621047504
2022-08-01 05:00:00,35.764619586349
2022-08-01 06:00:00,99.52086829033215
2022-08-01 07:00:00,179.87639793078415
2022-08-01 08:00:00,251.3043669265462
2022-08-01 09:00:00,288.1735246623866
2022-08-01 10:00:00,305.5030734075117
2022-08-01 11:00:00,311.814739519672
2022-08-01 12:00:00,304.3182521323324
2022-08-01 13:00:00,302.4103585121338
2022-08-01 14:00:00,237.5572747362312
2022-08-01 15:00:00,190.48787654173793
2022-08-01 16:00:00,117.53765393228969
2022-08-01 17:00:00,45.97401764278766
2022-08-01 18:00:00,3.71296960406471
2022-08-01 19:00:00,0.0
2022-08-01 20:00:00,0.0
2022-08-01 21:00:00,0.0
2022-08-01 22:00:00,0.0
2022-08-01 23:00:00,0.0
2022-08-02 00:00:00,0.0
2022-08-02 01:00:00,0.0
2022-08-02 02:00:00,0.0
2022-08-02 03:00:00,0.0
2022-08-02 04:00:00,2.34735927748261
2022-08-02 05:00:00,38.24941963783931
2022-08-02 06:00:00,98.99535773019306
2022-08-02 07:00:00,136.97646364796674
2022-08-02 08:00:00,231.15303244505776
2022-08-02 09:00:00,292.6718826889992
2022-08-02 10:00:00,303.73826614918653
2022-08-02 11:00:00,319.8595936836209
2022-08-02 12:00:00,320.2561956338468
2022-08-02 13:00:00,289.3691170033999
2022-08-02 14:00:00,256.38246160617564
2022-08-02 15:00:00,193.05527598765912
2022-08-02 16:00:00,134.18804530170746
2022-08-02 17:00:00,66.95040451711975
2022-08-02 18:00:00,9.399079018330667
2022-08-02 19:00:00,0.0
2022-08-02 20:00:00,0.0
2022-08-02 21:00:00,0.0
2022-08-02 22:00:00,0.0
2022-08-02 23:00:00,0.0
2022-08-03 00:00:00,0.0
2022-08-03 01:00:00,0.0
2022-08-03 02:00:00,0.0
2022-08-03 03:00:00,0.0
2022-08-03 04:00:00,1.614392388437409
2022-08-03 05:00:00,32.15448350313818
2022-08-03 06:00:00,97.48196686489973
2022-08-03 07:00:00,175.18212521093665
2022-08-03 08:00:00,241.2672060058685
2022-08-03 09:00:00,283.28557703929255
2022-08-03 10:00:00,302.3654614324332
2022-08-03 11:00:00,315.3084832437453
2022-08-03 12:00:00,313.245944981114
2022-08-03 13:00:00,285.8054882501019
2022-08-03 14:00:00,250.22117094165878
2022-08-03 15:00:00,196.09430349397007
2022-08-03 16:00:00,126.34554887859849
2022-08-03 17:00:00,61.35562968358863
2022-08-03 18:00:00,8.806010754778981
2022-08-03 19:00:00,0.1586666666553355
2022-08-03 20:00:00,0.0
2022-08-03 21:00:00,0.0
2022-08-03 22:00:00,0.0
2022-08-03 23:00:00,0.0
2022-08-04 00:00:00,0.0
2022-08-04 01:00:00,0.0
2022-08-04 02:00:00,0.0
2022-08-04 03:00:00,0.0
2022-08-04 04:00:00,1.2169713242328726
2022-08-04 05:00:00,30.875886371708475
2022-08-04 06:00:00,97.62464019603794
2022-08-04 07:00:00,174.68308685469674
2022-08-04 08:00:00,238.07946713198908
2022-08-04 09:00:00,280.3991684994544
2022-08-04 10:00:00,298.8753315026988
2022-08-04 11:00:00,313.3587388608721
2022-08-04 12:00:00,311.61916428036056
2022-08-04 13:00:00,285.13556783355307
2022-08-04 14:00:00,190.01188271591673
2022-08-04 15:00:00,209.01465481240302
2022-08-04 16:00:00,129.03600229229778
2022-08-04 17:00:00,71.85558275849326
2022-08-04 18:00:00,14.83966003562091
2022-08-04 19:00:00,0.0
2022-08-04 20:00:00,0.0
2022-08-04 21:00:00,0.0
2022-08-04 22:00:00,0.0
2022-08-04 23:00:00,0.0
2022-08-05 00:00:00,0.0
2022-08-05 01:00:00,0.0
2022-08-05 02:00:00,0.0
2022-08-05 03:00:00,0.0
2022-08-05 04:00:00,1.285240418103058
2022-08-05 05:00:00,17.46049358183518
2022-08-05 06:00:00,87.09119547129376
2022-08-05 07:00:00,117.65468571451493
2022-08-05 08:00:00,217.40643344720593
2022-08-05 09:00:00,246.7429180413601
2022-08-05 10:00:00,240.929291069624
2022-08-05 11:00:00,221.2092449213378
2022-08-05 12:00:00,248.73551405518083
2022-08-05 13:00:00,159.77586423332104
2022-08-05 14:00:00,79.27971209160751
2022-08-05 15:00:00,51.65345272462582
2022-08-05 16:00:00,32.95809580566129
2022-08-05 17:00:00,3.0555084795341827
2022-08-05 18:00:00,0.0
2022-08-05 19:00:00,0.0
2022-08-05 20:00:00,0.0
2022-08-05 21:00:00,0.0
2022-08-05 22:00:00,0.0
2022-08-05 23:00:00,0.0
2022-08-06 00:00:00,0.0
2022-08-06 01:00:00,0.0
2022-08-06 02:00:00,0.0
2022-08-06 03:00:00,0.0
2022-08-06 04:00:00,0.5234683544258586
2022-08-06 05:00:00,9.240224294015206
2022-08-06 06:00:00,20.231858319137245
2022-08-06 07:00:00,30.951806908880826
2022-08-06 08:00:00,31.63431484485045
2022-08-06 09:00:00,23.29978730942821
2022-08-06 10:00:00,42.685960886767134
2022-08-06 11:00:00,41.85123588592978
2022-08-06 12:00:00,31.06126193969976
2022-08-06 13:00:00,21.905676101509016
2022-08-06 14:00:00,19.846606853592675
2022-08-06 15:00:00,16.12334521266166
2022-08-06 16:00:00,13.711416765407193
2022-08-06 17:00:00,5.406849232851528
2022-08-06 18:00:00,0.8560597015311942
2022-08-06 19:00:00,0.0
2022-08-06 20:00:00,0.0
2022-08-06 21:00:00,0.0
2022-08-06 22:00:00,0.0
2022-08-06 23:00:00,0.0
2022-08-07 00:00:00,0.0
2022-08-07 01:00:00,0.0
2022-08-07 02:00:00,0.0
2022-08-07 03:00:00,0.0
2022-08-07 04:00:00,0.0
2022-08-07 05:00:00,4.425283519667573
2022-08-07 06:00:00,10.015761312097311
2022-08-07 07:00:00,20.025906902505085
2022-08-07 08:00:00,39.83195604471256
2022-08-07 09:00:00,50.456779322295915
2022-08-07 10:00:00,61.05145203345455
2022-08-07 11:00:00,61.052578776085284
2022-08-07 12:00:00,101.08975954679772
2022-08-07 13:00:00,64.7995432803873
2022-08-07 14:00:00,42.176936861360446
2022-08-07 15:00:00,35.57784739282215
2022-08-07 16:00:00,15.776628630468622
2022-08-07 17:00:00,5.955168926157057
2022-08-07 18:00:00,1.6342329267063178
2022-08-07 19:00:00,0.2164444444351829
2022-08-07 20:00:00,0.0
2022-08-07 21:00:00,0.0
2022-08-07 22:00:00,0.0
2022-08-07 23:00:00,0.0
2022-08-08 00:00:00,0.0
2022-08-08 01:00:00,0.0
2022-08-08 02:00:00,0.0
2022-08-08 03:00:00,0.0
2022-08-08 04:00:00,0.0
2022-08-08 05:00:00,4.515993097622414
2022-08-08 06:00:00,27.254194866633043
2022-08-08 07:00:00,97.33519305608934
2022-08-08 08:00:00,198.828446561296
2022-08-08 09:00:00,272.65064410382183
2022-08-08 10:00:00,281.75928290525917
2022-08-08 11:00:00,333.86471954907756
2022-08-08 12:00:00,309.76516186847584
2022-08-08 13:00:00,295.58407518744934
2022-08-08 14:00:00,207.8524596656207
2022-08-08 15:00:00,187.06353301688796
2022-08-08 16:00:00,121.05445057578618
2022-08-08 17:00:00,55.555228598765105
2022-08-08 18:00:00,9.379547525837552
2022-08-08 19:00:00,0.0
2022-08-08 20:00:00,0.0
2022-08-08 21:00:00,0.0
2022-08-08 22:00:00,0.0
2022-08-08 23:00:00,0.0
2022-08-09 00:00:00,0.0
2022-08-09 01:00:00,0.0
2022-08-09 02:00:00,0.0
2022-08-09 03:00:00,0.0
2022-08-09 04:00:00,0.8629037037026137
2022-08-09 05:00:00,28.272209822607692
2022-08-09 06:00:00,91.51399594848044
2022-08-09 07:00:00,170.9121789901983
2022-08-09 08:00:00,238.97504727146588
2022-08-09 09:00:00,277.44727265444817
2022-08-09 10:00:00,303.2002084784326
2022-08-09 11:00:00,316.7099594977335
2022-08-09 12:00:00,316.1351914149127
2022-08-09 13:00:00,290.26034017908387
2022-08-09 14:00:00,252.23325740813743
2022-08-09 15:00:00,197.25189145514742
2022-08-09 16:00:00,121.93975418998161
2022-08-09 17:00:00,54.95765052066418
2022-08-09 18:00:00,4.755173833458684
2022-08-09 19:00:00,0.0
2022-08-09 20:00:00,0.0
2022-08-09 21:00:00,0.0
2022-08-09 22:00:00,0.0
2022-08-09 23:00:00,0.0
2022-08-10 00:00:00,0.0
2022-08-10 01:00:00,0.0
2022-08-10 02:00:00,0.0
2022-08-10 03:00:00,0.0
2022-08-10 04:00:00,0.9737394698313437
2022-08-10 05:00:00,27.239501037052833
2022-08-10 06:00:00,78.32081441837363
2022-08-10 07:00:00,113.118595507578
2022-08-10 08:00:00,215.29690664599184
2022-08-10 09:00:00,239.87316488614306
2022-08-10 10:00:00,297.66287077451125
2022-08-10 11:00:00,272.1357972776168
2022-08-10 12:00:00,303.0264770621434
2022-08-10 13:00:00,284.8758559952839
2022-08-10 14:00:00,248.87277030496625
2022-08-10 15:00:00,191.5364028197946
2022-08-10 16:00:00,117.34274575422751
2022-08-10 17:00:00,52.01111679227324
2022-08-10 18:00:00,5.676067914871965
2022-08-10 19:00:00,0.0
2022-08-10 20:00:00,0.0
2022-08-10 21:00:00,0.0
2022-08-10 22:00:00,0.0
2022-08-10 23:00:00,0.0
2022-08-11 00:00:00,0.0
2022-08-11 01:00:00,0.0
2022-08-11 02:00:00,0.0
2022-08-11 03:00:00,0.0
2022-08-11 04:00:00,0.8647166666924022
2022-08-11 05:00:00,25.433149472402874
2022-08-11 06:00:00,84.18381671624957
2022-08-11 07:00:00,159.80595442495542
2022-08-11 08:00:00,230.9341142711928
2022-08-11 09:00:00,271.742311458278
2022-08-11 10:00:00,294.0754744724254
2022-08-11 11:00:00,309.14617616747273
2022-08-11 12:00:00,308.0706209508353
2022-08-11 13:00:00,281.8204787730938
2022-08-11 14:00:00,241.293758700951
2022-08-11 15:00:00,185.83399577386444
2022-08-11 16:00:00,115.13388379197568
2022-08-11 17:00:00,50.70946816483047
2022-08-11 18:00:00,6.669656207377557
2022-08-11 19:00:00,0.0
2022-08-11 20:00:00,0.0
2022-08-11 21:00:00,0.0
2022-08-11 22:00:00,0.0
2022-08-11 23:00:00,0.0
2022-08-12 00:00:00,0.0
2022-08-12 01:00:00,0.0
2022-08-12 02:00:00,0.0
2022-08-12 03:00:00,0.0
2022-08-12 04:00:00,1.0116567283985205
2022-08-12 05:00:00,24.97632948961109
2022-08-12 06:00:00,84.2321301412303
2022-08-12 07:00:00,163.4116525252466
2022-08-12 08:00:00,231.87287329061655
2022-08-12 09:00:00,270.28097882831935
2022-08-12 10:00:00,296.92967735487036
2022-08-12 11:00:00,312.43576298700646
2022-08-12 12:00:00,314.05225631967187
2022-08-12 13:00:00,287.9055208688369
2022-08-12 14:00:00,253.36916954844492
2022-08-12 15:00:00,199.43373082514154
2022-08-12 16:00:00,119.66936576168519
2022-08-12 17:00:00,50.845116712443996
2022-08-12 18:00:00,3.677716759382747
2022-08-12 19:00:00,0.0
2022-08-12 20:00:00,0.0
2022-08-12 21:00:00,0.0
2022-08-12 22:00:00,0.0
2022-08-12 23:00:00,0.0
2022-08-13 00:00:00,0.0
2022-08-13 01:00:00,0.0
2022-08-13 02:00:00,0.0
2022-08-13 03:00:00,0.0
2022-08-13 04:00:00,0.4120937500265427
2022-08-13 05:00:00,23.4643547416199
2022-08-13 06:00:00,88.17646215751301
2022-08-13 07:00:00,170.9113071647589
2022-08-13 08:00:00,239.49629901367007
2022-08-13 09:00:00,277.9508705402841
2022-08-13 10:00:00,302.8350093031768
2022-08-13 11:00:00,318.88156714540673
2022-08-13 12:00:00,314.29776206309907
2022-08-13 13:00:00,290.74832942528883
2022-08-13 14:00:00,253.60903961519944
2022-08-13 15:00:00,193.14829007623484
2022-08-13 16:00:00,116.17053785978351
2022-08-13 17:00:00,48.62697362626204
2022-08-13 18:00:00,3.4672401545685716
2022-08-13 19:00:00,0.0
2022-08-13 20:00:00,0.0
2022-08-13 21:00:00,0.0
2022-08-13 22:00:00,0.0
2022-08-13 23:00:00,0.0
2022-08-14 00:00:00,0.0
2022-08-14 01:00:00,0.0
2022-08-14 02:00:00,0.0
2022-08-14 03:00:00,0.0
2022-08-14 04:00:00,0.4622549019404686
2022-08-14 05:00:00,22.07982253137743
2022-08-14 06:00:00,86.49854797980515
2022-08-14 07:00:00,170.70551245112438
2022-08-14 08:00:00,223.2453235128196
2022-08-14 09:00:00,218.37167786993086
2022-08-14 10:00:00,223.574082897685
2022-08-14 11:00:00,253.67873113031965
2022-08-14 12:00:00,188.746980058786
2022-08-14 13:00:00,199.623444850673
2022-08-14 14:00:00,140.17614435998257
2022-08-14 15:00:00,73.99898030306213
2022-08-14 16:00:00,53.56460189021891
2022-08-14 17:00:00,15.212463410920464
2022-08-14 18:00:00,2.281863186392002
2022-08-14 19:00:00,0.0
2022-08-14 20:00:00,0.0
2022-08-14 21:00:00,0.0
2022-08-14 22:00:00,0.0
2022-08-14 23:00:00,0.0
2022-08-15 00:00:00,0.0
2022-08-15 01:00:00,0.0
2022-08-15 02:00:00,0.0
2022-08-15 03:00:00,0.0
2022-08-15 04:00:00,0.3204528301721439
2022-08-15 05:00:00,20.819296561239753
2022-08-15 06:00:00,82.16465283336584
2022-08-15 07:00:00,162.3024079600582
2022-08-15 08:00:00,231.92437187948963
2022-08-15 09:00:00,273.63497547537554
2022-08-15 10:00:00,272.22077372000786
2022-08-15 11:00:00,280.9100694177905
2022-08-15 12:00:00,322.4047071101377
2022-08-15 13:00:00,143.09209380846005
2022-08-15 14:00:00,14.702297284442466
2022-08-15 15:00:00,5.645699834567495
2022-08-15 16:00:00,17.824642898631282
2022-08-15 17:00:00,18.66348570876289
2022-08-15 18:00:00,6.761259278515354
2022-08-15 19:00:00,0.0
2022-08-15 20:00:00,0.0
2022-08-15 21:00:00,0.0
2022-08-15 22:00:00,0.0
2022-08-15 23:00:00,0.0
2022-08-16 00:00:00,0.0
2022-08-16 01:00:00,0.0
2022-08-16 02:00:00,0.0
2022-08-16 03:00:00,0.0
2022-08-16 04:00:00,0.4095833333558403
2022-08-16 05:00:00,21.04319109680364
2022-08-16 06:00:00,81.25744554935955
2022-08-16 07:00:00,162.59929775370983
2022-08-16 08:00:00,231.55129252007464
2022-08-16 09:00:00,268.938203371712
2022-08-16 10:00:00,295.04658699646825
2022-08-16 11:00:00,309.7216078386409
2022-08-16 12:00:00,307.9574268241413
2022-08-16 13:00:00,281.07328697672347
2022-08-16 14:00:00,228.40378673258238
2022-08-16 15:00:00,110.01022599596763
2022-08-16 16:00:00,108.16209590045037
2022-08-16 17:00:00,57.03939897776581
2022-08-16 18:00:00,4.6081913693924434
2022-08-16 19:00:00,0.0
2022-08-16 20:00:00,0.0
2022-08-16 21:00:00,0.0
2022-08-16 22:00:00,0.0
2022-08-16 23:00:00,0.0
2022-08-17 00:00:00,0.0
2022-08-17 01:00:00,0.0
2022-08-17 02:00:00,0.0
2022-08-17 03:00:00,0.0
2022-08-17 04:00:00,1.635738905519247
2022-08-17 05:00:00,14.831995323882438
2022-08-17 06:00:00,73.29245440708473
2022-08-17 07:00:00,113.237026924151
2022-08-17 08:00:00,202.55757714633364
2022-08-17 09:00:00,264.7883414053358
2022-08-17 10:00:00,281.62218779791147
2022-08-17 11:00:00,258.8140631473507
2022-08-17 12:00:00,229.3326015753555
2022-08-17 13:00:00,207.17894779425114
2022-08-17 14:00:00,124.19315980834654
2022-08-17 15:00:00,47.861007648403756
2022-08-17 16:00:00,33.52913545910269
2022-08-17 17:00:00,15.241258003341498
2022-08-17 18:00:00,0.4012187499902211
2022-08-17 19:00:00,0.0
2022-08-17 20:00:00,0.0
2022-08-17 21:00:00,0.0
2022-08-17 22:00:00,0.0
2022-08-17 23:00:00,0.0
2022-08-18 00:00:00,0.0
2022-08-18 01:00:00,0.0
2022-08-18 02:00:00,0.0
2022-08-18 03:00:00,0.0
2022-08-18 04:00:00,0.0
2022-08-18 05:00:00,1.9268328145844864
2022-08-18 06:00:00,36.49071719794301
2022-08-18 07:00:00,67.30391832638998
2022-08-18 08:00:00,127.05566021910636
2022-08-18 09:00:00,189.7738879081444
2022-08-18 10:00:00,144.11789755744394
2022-08-18 11:00:00,100.51601969788317
2022-08-18 12:00:00,81.45665934716817
2022-08-18 13:00:00,45.91638312418945
2022-08-18 14:00:00,20.76278052618727
2022-08-18 15:00:00,10.462888569163624
2022-08-18 16:00:00,6.749468119407538
2022-08-18 17:00:00,7.886245598550886
2022-08-18 18:00:00,1.4854816599399783
2022-08-18 19:00:00,0.0
2022-08-18 20:00:00,0.0
2022-08-18 21:00:00,0.0
2022-08-18 22:00:00,0.0
2022-08-18 23:00:00,0.0
2022-08-19 00:00:00,0.0
2022-08-19 01:00:00,0.0
2022-08-19 02:00:00,0.0
2022-08-19 03:00:00,0.0
2022-08-19 04:00:00,0.0
2022-08-19 05:00:00,0.0
2022-08-19 06:00:00,0.8846676049288362
2022-08-19 07:00:00,3.87810871808324
2022-08-19 08:00:00,9.401956209621858
2022-08-19 09:00:00,21.885399934195448
2022-08-19 10:00:00,20.02504964201944
2022-08-19 11:00:00,36.03453441662714
2022-08-19 12:00:00,88.16563543194206
2022-08-19 13:00:00,57.06959507986903
2022-08-19 14:00:00,46.446358532994054
2022-08-19 15:00:00,40.613769723218866
2022-08-19 16:00:00,7.408976330072619
2022-08-19 17:00:00,5.037209962203633
2022-08-19 18:00:00,0.0
2022-08-19 19:00:00,0.0
2022-08-19 20:00:00,0.0
2022-08-19 21:00:00,0.0
2022-08-19 22:00:00,0.0
2022-08-19 23:00:00,0.0
2022-08-20 00:00:00,0.0
2022-08-20 01:00:00,0.0
2022-08-20 02:00:00,0.0
2022-08-20 03:00:00,0.0
2022-08-20 04:00:00,0.0
2022-08-20 05:00:00,7.145124332222622
2022-08-20 06:00:00,22.23938352521509
2022-08-20 07:00:00,96.7385439236532
2022-08-20 08:00:00,115.96172166359611
2022-08-20 09:00:00,183.75698404817376
2022-08-20 10:00:00,200.4848170276964
2022-08-20 11:00:00,173.68731262767687
2022-08-20 12:00:00,97.62010314769577
2022-08-20 13:00:00,76.1495722248219
2022-08-20 14:00:00,58.93149859382539
2022-08-20 15:00:00,54.327959792048205
2022-08-20 16:00:00,59.6779688615934
2022-08-20 17:00:00,21.54484753316501
2022-08-20 18:00:00,2.592173599230591
2022-08-20 19:00:00,0.0
2022-08-20 20:00:00,0.0
2022-08-20 21:00:00,0.0
2022-08-20 22:00:00,0.0
2022-08-20 23:00:00,0.0
2022-08-21 00:00:00,0.0
2022-08-21 01:00:00,0.0
2022-08-21 02:00:00,0.0
2022-08-21 03:00:00,0.0
2022-08-21 04:00:00,0.2360833333223126
2022-08-21 05:00:00,18.1989563141251
2022-08-21 06:00:00,78.80590756575111
2022-08-21 07:00:00,159.05001637118403
2022-08-21 08:00:00,233.1466166965547
2022-08-21 09:00:00,273.0102221399429
2022-08-21 10:00:00,299.48648597707506
2022-08-21 11:00:00,312.2854251258541
2022-08-21 12:00:00,302.78346733155195
2022-08-21 13:00:00,221.118640548666
2022-08-21 14:00:00,254.1297787030926
2022-08-21 15:00:00,183.6088476870209
2022-08-21 16:00:00,97.94799551775213
2022-08-21 17:00:00,32.16280622140039
2022-08-21 18:00:00,3.7635927516384977
2022-08-21 19:00:00,0.0
2022-08-21 20:00:00,0.0
2022-08-21 21:00:00,0.0
2022-08-21 22:00:00,0.0
2022-08-21 23:00:00,0.0
2022-08-22 00:00:00,0.0
2022-08-22 01:00:00,0.0
2022-08-22 02:00:00,0.0
2022-08-22 03:00:00,0.0
2022-08-22 04:00:00,0.1308749999734573
2022-08-22 05:00:00,16.27734127792064
2022-08-22 06:00:00,71.38752673246199
2022-08-22 07:00:00,153.21915524516953
2022-08-22 08:00:00,223.30865708051715
2022-08-22 09:00:00,260.80962305137655
2022-08-22 10:00:00,288.06093489256455
2022-08-22 11:00:00,301.59386982687283
2022-08-22 12:00:00,306.36531178932637
2022-08-22 13:00:00,276.9077541856095
2022-08-22 14:00:00,234.64760314451996
2022-08-22 15:00:00,176.01962453621672
2022-08-22 16:00:00,98.16010168433422
2022-08-22 17:00:00,33.30208777426742
2022-08-22 18:00:00,1.842180774838198
2022-08-22 19:00:00,0.0
2022-08-22 20:00:00,0.0
2022-08-22 21:00:00,0.0
2022-08-22 22:00:00,0.0
2022-08-22 23:00:00,0.0
2022-08-23 00:00:00,0.0
2022-08-23 01:00:00,0.0
2022-08-23 02:00:00,0.0
2022-08-23 03:00:00,0.0
2022-08-23 04:00:00,0.1430666666710749
2022-08-23 05:00:00,16.167983744002413
2022-08-23 06:00:00,69.55764903785894
2022-08-23 07:00:00,150.70401327166473
2022-08-23 08:00:00,221.29909753258107
2022-08-23 09:00:00,259.40447914530523
2022-08-23 10:00:00,286.27678359817946
2022-08-23 11:00:00,299.97326187830186
2022-08-23 12:00:00,301.5854751643492
2022-08-23 13:00:00,275.8127069158945
2022-08-23 14:00:00,233.50743776070885
2022-08-23 15:00:00,171.78733608865878
2022-08-23 16:00:00,95.92402803362347
2022-08-23 17:00:00,31.075327360769734
2022-08-23 18:00:00,1.5029988088062964
2022-08-23 19:00:00,0.0
2022-08-23 20:00:00,0.0
2022-08-23 21:00:00,0.0
2022-08-23 22:00:00,0.0
2022-08-23 23:00:00,0.0
2022-08-24 00:00:00,0.0
2022-08-24 01:00:00,0.0
2022-08-24 02:00:00,0.0
2022-08-24 03:00:00,0.0
2022-08-24 04:00:00,0.0
2022-08-24 05:00:00,14.901784023153596
2022-08-24 06:00:00,69.75763571850257
2022-08-24 07:00:00,151.2661211164086
2022-08-24 08:00:00,220.87555669277208
2022-08-24 09:00:00,258.9211532047484
2022-08-24 10:00:00,282.11807884351583
2022-08-24 11:00:00,299.8290214299923
2022-08-24 12:00:00,301.66986419068417
2022-08-24 13:00:00,279.6945046092733
2022-08-24 14:00:00,217.1633742210688
2022-08-24 15:00:00,151.2425182974548
2022-08-24 16:00:00,64.42427950492129
2022-08-24 17:00:00,33.213501298916526
2022-08-24 18:00:00,3.7958750146790408
2022-08-24 19:00:00,0.0
2022-08-24 20:00:00,0.0
2022-08-24 21:00:00,0.0
2022-08-24 22:00:00,0.0
2022-08-24 23:00:00,0.0
2022-08-25 00:00:00,0.0
2022-08-25 01:00:00,0.0
2022-08-25 02:00:00,0.0
2022-08-25 03:00:00,0.0
2022-08-25 04:00:00,0.0
2022-08-25 05:00:00,14.288220356800593
2022-08-25 06:00:00,65.79818389588036
2022-08-25 07:00:00,147.34147358231712
2022-08-25 08:00:00,215.34195897739846
2022-08-25 09:00:00,251.0572994838003
2022-08-25 10:00:00,280.54253544763196
2022-08-25 11:00:00,293.48096639226424
2022-08-25 12:00:00,289.64474065892864
2022-08-25 13:00:00,261.8082508282969
2022-08-25 14:00:00,222.43683922989294
2022-08-25 15:00:00,160.42175754788332
2022-08-25 16:00:00,84.62499750161078
2022-08-25 17:00:00,28.159341474238317
2022-08-25 18:00:00,1.45408807269996
2022-08-25 19:00:00,0.0
2022-08-25 20:00:00,0.0
2022-08-25 21:00:00,0.0
2022-08-25 22:00:00,0.0
2022-08-25 23:00:00,0.0
2022-08-26 00:00:00,0.0
2022-08-26 01:00:00,0.0
2022-08-26 02:00:00,0.0
2022-08-26 03:00:00,0.0
2022-08-26 04:00:00,0.0
2022-08-26 05:00:00,12.771808028162923
2022-08-26 06:00:00,67.32291777222417
2022-08-26 07:00:00,90.98413033701945
2022-08-26 08:00:00,177.40204810642172
2022-08-26 09:00:00,177.61183166503906
2022-08-26 10:00:00,190.32219863525825
2022-08-26 11:00:00,290.4997213372262
2022-08-26 12:00:00,238.2192976808292
2022-08-26 13:00:00,143.5587696529692
2022-08-26 14:00:00,94.2827904993901
2022-08-26 15:00:00,14.62540924467612
2022-08-26 16:00:00,0.0
2022-08-26 17:00:00,0.0
2022-08-26 18:00:00,0.0
2022-08-26 19:00:00,0.0
2022-08-26 20:00:00,0.0
2022-08-26 21:00:00,0.0
2022-08-26 22:00:00,0.0
2022-08-26 23:00:00,0.0
2022-08-27 00:00:00,0.0
2022-08-27 01:00:00,0.0
2022-08-27 02:00:00,0.0
2022-08-27 03:00:00,0.0
2022-08-27 04:00:00,0.0
2022-08-27 05:00:00,3.4792492786073126
2022-08-27 06:00:00,30.98980729811592
2022-08-27 07:00:00,55.16959542618133
2022-08-27 08:00:00,95.31291944155237
2022-08-27 09:00:00,174.81498158589238
2022-08-27 10:00:00,194.22717495897086
2022-08-27 11:00:00,235.304956610722
2022-08-27 12:00:00,307.15611950296443
2022-08-27 13:00:00,188.85622649948345
2022-08-27 14:00:00,199.38867374300025
2022-08-27 15:00:00,154.72789310332155
2022-08-27 16:00:00,84.52979207737371
2022-08-27 17:00:00,15.327040092612151
2022-08-27 18:00:00,1.734887286555022
2022-08-27 19:00:00,0.0
2022-08-27 20:00:00,0.0
2022-08-27 21:00:00,0.0
2022-08-27 22:00:00,0.0
2022-08-27 23:00:00,0.0
2022-08-28 00:00:00,0.0
2022-08-28 01:00:00,0.0
2022-08-28 02:00:00,0.0
2022-08-28 03:00:00,0.0
2022-08-28 04:00:00,0.0
2022-08-28 05:00:00,3.7912776258890517
2022-08-28 06:00:00,12.036700959317386
2022-08-28 07:00:00,35.71617199340835
2022-08-28 08:00:00,116.75927467813017
2022-08-28 09:00:00,138.73879105231026
2022-08-28 10:00:00,259.58309224603
2022-08-28 11:00:00,289.73612050164957
2022-08-28 12:00:00,153.24805467942497
2022-08-28 13:00:00,243.3821494670119
2022-08-28 14:00:00,157.80027950217482
2022-08-28 15:00:00,147.26285209099296
2022-08-28 16:00:00,79.8624422767316
2022-08-28 17:00:00,25.097192808345426
2022-08-28 18:00:00,1.0091596244019456
2022-08-28 19:00:00,0.0
2022-08-28 20:00:00,0.0
2022-08-28 21:00:00,0.0
2022-08-28 22:00:00,0.0
2022-08-28 23:00:00,0.0
2022-08-29 00:00:00,0.0
2022-08-29 01:00:00,0.0
2022-08-29 02:00:00,0.0
2022-08-29 03:00:00,0.0
2022-08-29 04:00:00,0.0
2022-08-29 05:00:00,10.890461977105588
2022-08-29 06:00:00,41.39519411488436
2022-08-29 07:00:00,93.58772496838355
2022-08-29 08:00:00,206.5451275081141
2022-08-29 09:00:00,246.76370326144388
2022-08-29 10:00:00,275.35266525053885
2022-08-29 11:00:00,289.10789356339956
2022-08-29 12:00:00,281.66149866074556
2022-08-29 13:00:00,253.77117909345543
2022-08-29 14:00:00,209.94202056562062
2022-08-29 15:00:00,140.31495227321284
2022-08-29 16:00:00,79.53660671412945
2022-08-29 17:00:00,26.747173683193978
2022-08-29 18:00:00,0.7274339622817934
2022-08-29 19:00:00,0.0
2022-08-29 20:00:00,0.0
2022-08-29 21:00:00,0.0
2022-08-29 22:00:00,0.0
2022-08-29 23:00:00,0.0
2022-08-30 00:00:00,0.0
2022-08-30 01:00:00,0.0
2022-08-30 02:00:00,0.0
2022-08-30 03:00:00,0.0
2022-08-30 04:00:00,0.0
2022-08-30 05:00:00,14.628661000577267
2022-08-30 06:00:00,64.68307309021475
2022-08-30 07:00:00,131.93074539978988
2022-08-30 08:00:00,167.71543589647627
2022-08-30 09:00:00,159.1193061270169
2022-08-30 10:00:00,249.38087671250105
2022-08-30 11:00:00,283.1088805073523
2022-08-30 12:00:00,282.1612045544316
2022-08-30 13:00:00,253.08804944268195
2022-08-30 14:00:00,131.98808572255075
2022-08-30 15:00:00,15.956898202945013
2022-08-30 16:00:00,0.1752280701766722
2022-08-30 17:00:00,0.0
2022-08-30 18:00:00,0.0
2022-08-30 19:00:00,0.0
2022-08-30 20:00:00,0.0
2022-08-30 21:00:00,0.0
2022-08-30 22:00:00,0.0
2022-08-30 23:00:00,0.0
2022-08-31 00:00:00,0.0
2022-08-31 01:00:00,0.0
2022-08-31 02:00:00,0.0
2022-08-31 03:00:00,0.0
2022-08-31 04:00:00,0.0
2022-08-31 05:00:00,0.4458536585443653
2022-08-31 06:00:00,12.941239345062058
2022-08-31 07:00:00,22.678794273757376
2022-08-31 08:00:00,42.55983118462609
2022-08-31 09:00:00,24.84443850518437
2022-08-31 10:00:00,53.57680941087892
2022-08-31 11:00:00,89.97765379381599
2022-08-31 12:00:00,109.16104466340039
2022-08-31 13:00:00,98.85411610198207
2022-08-31 14:00:00,112.24289699632209
2022-08-31 15:00:00,80.98509363731137
2022-08-31 16:00:00,44.528621733770706
2022-08-31 17:00:00,20.11886486824369
2022-08-31 18:00:00,0.7451678832294419
2022-08-31 19:00:00,0.0
2022-08-31 20:00:00,0.0
2022-08-31 21:00:00,0.0
2022-08-31 22:00:00,0.0
2022-08-31 23:00:00,0.0
2022-09-01 00:00:00,0.0
2022-09-01 01:00:00,0.0
2022-09-01 02:00:00,0.0
2022-09-01 03:00:00,0.0
2022-09-01 04:00:00,0.0
2022-09-01 05:00:00,1.071378801832907
2022-09-01 06:00:00,9.123313132266048
2022-09-01 07:00:00,37.581549068156164
2022-09-01 08:00:00,83.11638900637627
2022-09-01 09:00:00,86.0351201283629
2022-09-01 10:00:00,241.34669721516548
2022-09-01 11:00:00,241.76838555908762
2022-09-01 12:00:00,167.93173476826632
2022-09-01 13:00:00,142.3200570390327
2022-09-01 14:00:00,219.1138234154787
2022-09-01 15:00:00,153.93401872657705
2022-09-01 16:00:00,58.52960388921201
2022-09-01 17:00:00,23.855987068091054
2022-09-01 18:00:00,0.5146165413316339
2022-09-01 19:00:00,0.0
2022-09-01 20:00:00,0.0
2022-09-01 21:00:00,0.0
2022-09-01 22:00:00,0.0
2022-09-01 23:00:00,0.0
2022-09-02 00:00:00,0.0
2022-09-02 01:00:00,0.0
2022-09-02 02:00:00,0.0
2022-09-02 03:00:00,0.0
2022-09-02 04:00:00,0.0
2022-09-02 05:00:00,5.814485029957723
2022-09-02 06:00:00,61.03335344057996
2022-09-02 07:00:00,70.99632595054572
2022-09-02 08:00:00,191.21898493141634
2022-09-02 09:00:00,136.75650503765792
2022-09-02 10:00:00,235.09897766291397
2022-09-02 11:00:00,284.0582352381898
2022-09-02 12:00:00,277.6818127167644
2022-09-02 13:00:00,215.92918310250388
2022-09-02 14:00:00,92.62370708578965
2022-09-02 15:00:00,13.463219942059368
2022-09-02 16:00:00,49.10624275414739
2022-09-02 17:00:00,21.871449741302058
2022-09-02 18:00:00,0.3172765957424417
2022-09-02 19:00:00,0.0
2022-09-02 20:00:00,0.0
2022-09-02 21:00:00,0.0
2022-09-02 22:00:00,0.0
2022-09-02 23:00:00,0.0
2022-09-03 00:00:00,0.0
2022-09-03 01:00:00,0.0
2022-09-03 02:00:00,0.0
2022-09-03 03:00:00,0.0
2022-09-03 04:00:00,0.0
2022-09-03 05:00:00,0.4692432432202621
2022-09-03 06:00:00,25.19350884767482
2022-09-03 07:00:00,112.18065852933796
2022-09-03 08:00:00,213.7969459463493
2022-09-03 09:00:00,171.93223800737178
2022-09-03 10:00:00,87.10716915823286
2022-09-03 11:00:00,163.36880899738753
2022-09-03 12:00:00,98.40004855056759
2022-09-03 13:00:00,160.21632471884368
2022-09-03 14:00:00,218.58002817584202
2022-09-03 15:00:00,128.4000362167717
2022-09-03 16:00:00,28.542438663251232
2022-09-03 17:00:00,38.29750970506575
2022-09-03 18:00:00,0.3940689655137248
2022-09-03 19:00:00,0.0
2022-09-03 20:00:00,0.0
2022-09-03 21:00:00,0.0
2022-09-03 22:00:00,0.0
2022-09-03 23:00:00,0.0
2022-09-04 00:00:00,0.0
2022-09-04 01:00:00,0.0
2022-09-04 02:00:00,0.0
2022-09-04 03:00:00,0.0
2022-09-04 04:00:00,0.0
2022-09-04 05:00:00,4.385124656138942
2022-09-04 06:00:00,48.5761444492382
2022-09-04 07:00:00,128.2952722250484
2022-09-04 08:00:00,195.2688205136219
2022-09-04 09:00:00,246.2985052051954
2022-09-04 10:00:00,268.5951824011281
2022-09-04 11:00:00,283.9459858391201
2022-09-04 12:00:00,283.49170804792084
2022-09-04 13:00:00,225.63034032424912
2022-09-04 14:00:00,128.67033795214957
2022-09-04 15:00:00,147.53953502315562
2022-09-04 16:00:00,69.0643670631107
2022-09-04 17:00:00,14.948797558259685
2022-09-04 18:00:00,0.3574432989698834
2022-09-04 19:00:00,0.0
2022-09-04 20:00:00,0.0
2022-09-04 21:00:00,0.0
2022-09-04 22:00:00,0.0
2022-09-04 23:00:00,0.0
2022-09-05 00:00:00,0.0
2022-09-05 01:00:00,0.0
2022-09-05 02:00:00,0.0
2022-09-05 03:00:00,0.0
2022-09-05 04:00:00,0.0
2022-09-05 05:00:00,1.0044733727700077
2022-09-05 06:00:00,53.34045927209081
2022-09-05 07:00:00,81.05248244898394
2022-09-05 08:00:00,123.58316693507368
2022-09-05 09:00:00,172.03051313001197
2022-09-05 10:00:00,255.7607503106119
2022-09-05 11:00:00,277.8170039997203
2022-09-05 12:00:00,274.7374861759017
2022-09-05 13:00:00,245.20806630590232
2022-09-05 14:00:00,202.65551668935223
2022-09-05 15:00:00,135.57177138148108
2022-09-05 16:00:00,59.69028700917261
2022-09-05 17:00:00,14.41713204496773
2022-09-05 18:00:00,0.0
2022-09-05 19:00:00,0.0
2022-09-05 20:00:00,0.0
2022-09-05 21:00:00,0.0
2022-09-05 22:00:00,0.0
2022-09-05 23:00:00,0.0
2022-09-06 00:00:00,0.0
2022-09-06 01:00:00,0.0
2022-09-06 02:00:00,0.0
2022-09-06 03:00:00,0.0
2022-09-06 04:00:00,0.0
2022-09-06 05:00:00,12.04270676599117
2022-09-06 06:00:00,25.44491892080987
2022-09-06 07:00:00,84.83209862565855
2022-09-06 08:00:00,189.68510441901162
2022-09-06 09:00:00,184.49210024997592
2022-09-06 10:00:00,243.21117662620964
2022-09-06 11:00:00,137.89680272550322
2022-09-06 12:00:00,40.40921826718841
2022-09-06 13:00:00,194.86152054625563
2022-09-06 14:00:00,169.3679040991119
2022-09-06 15:00:00,129.63226569903782
2022-09-06 16:00:00,48.74291631527012
2022-09-06 17:00:00,14.927400561922695
2022-09-06 18:00:00,0.0
2022-09-06 19:00:00,0.0
2022-09-06 20:00:00,0.0
2022-09-06 21:00:00,0.0
2022-09-06 22:00:00,0.0
2022-09-06 23:00:00,0.0
2022-09-07 00:00:00,0.0
2022-09-07 01:00:00,0.0
2022-09-07 02:00:00,0.0
2022-09-07 03:00:00,0.0
2022-09-07 04:00:00,0.0
2022-09-07 05:00:00,0.6294909091084264
2022-09-07 06:00:00,31.241038903419394
2022-09-07 07:00:00,39.95343092136318
2022-09-07 08:00:00,136.27153905882733
2022-09-07 09:00:00,204.49687718320638
2022-09-07 10:00:00,222.73574659822043
2022-09-07 11:00:00,164.7143410833669
2022-09-07 12:00:00,210.58510112360818
2022-09-07 13:00:00,174.56398692552466
2022-09-07 14:00:00,136.2681410824298
2022-09-07 15:00:00,94.90934816707158
2022-09-07 16:00:00,7.609168476192281
2022-09-07 17:00:00,0.0
2022-09-07 18:00:00,0.0
2022-09-07 19:00:00,0.0
2022-09-07 20:00:00,0.0
2022-09-07 21:00:00,0.0
2022-09-07 22:00:00,0.0
2022-09-07 23:00:00,0.0
2022-09-08 00:00:00,0.0
2022-09-08 01:00:00,0.0
2022-09-08 02:00:00,0.0
2022-09-08 03:00:00,0.0
2022-09-08 04:00:00,0.0
2022-09-08 05:00:00,0.603899999987334
2022-09-08 06:00:00,34.698973276943434
2022-09-08 07:00:00,118.18799926468637
2022-09-08 08:00:00,196.31008588097757
2022-09-08 09:00:00,240.7543969913968
2022-09-08 10:00:00,229.1479840305983
2022-09-08 11:00:00,184.17068910371745
2022-09-08 12:00:00,219.58637903886847
2022-09-08 13:00:00,121.22848777158652
2022-09-08 14:00:00,188.8084140078281
2022-09-08 15:00:00,96.26319300942123
2022-09-08 16:00:00,45.69873067486333
2022-09-08 17:00:00,6.6240383660187945
2022-09-08 18:00:00,0.0
2022-09-08 19:00:00,0.0
2022-09-08 20:00:00,0.0
2022-09-08 21:00:00,0.0
2022-09-08 22:00:00,0.0
2022-09-08 23:00:00,0.0
2022-09-09 00:00:00,0.0
2022-09-09 01:00:00,0.0
2022-09-09 02:00:00,0.0
2022-09-09 03:00:00,0.0
2022-09-09 04:00:00,0.0
2022-09-09 05:00:00,0.4646197183174081
2022-09-09 06:00:00,30.150110454531386
2022-09-09 07:00:00,81.88379993004492
2022-09-09 08:00:00,87.83958541124593
2022-09-09 09:00:00,205.77857632702217
2022-09-09 10:00:00,167.37546838691924
2022-09-09 11:00:00,196.84204788482748
2022-09-09 12:00:00,134.7079133920488
2022-09-09 13:00:00,200.86560130660655
2022-09-09 14:00:00,137.81864084419794
2022-09-09 15:00:00,75.05497627140721
2022-09-09 16:00:00,41.22152976511279
2022-09-09 17:00:00,9.35225289867958
2022-09-09 18:00:00,0.0
2022-09-09 19:00:00,0.0
2022-09-09 20:00:00,0.0
2022-09-09 21:00:00,0.0
2022-09-09 22:00:00,0.0
2022-09-09 23:00:00,0.0
2022-09-10 00:00:00,0.0
2022-09-10 01:00:00,0.0
2022-09-10 02:00:00,0.0
2022-09-10 03:00:00,0.0
2022-09-10 04:00:00,0.0
2022-09-10 05:00:00,0.6170666666585021
2022-09-10 06:00:00,7.970235834654886
2022-09-10 07:00:00,35.806407553784084
2022-09-10 08:00:00,59.953929316368885
2022-09-10 09:00:00,84.81568709452404
2022-09-10 10:00:00,128.5357264536433
2022-09-10 11:00:00,200.43688290729187
2022-09-10 12:00:00,124.66814031085234
2022-09-10 13:00:00,158.13739290757803
2022-09-10 14:00:00,99.01952146022813
2022-09-10 15:00:00,38.866794051544275
2022-09-10 16:00:00,15.980820279975887
2022-09-10 17:00:00,5.838328188110609
2022-09-10 18:00:00,0.0
2022-09-10 19:00:00,0.0
2022-09-10 20:00:00,0.0
2022-09-10 21:00:00,0.0
2022-09-10 22:00:00,0.0
2022-09-10 23:00:00,0.0
2022-09-11 00:00:00,0.0
2022-09-11 01:00:00,0.0
2022-09-11 02:00:00,0.0
2022-09-11 03:00:00,0.0
2022-09-11 04:00:00,0.0
2022-09-11 05:00:00,3.5083200539229438
2022-09-11 06:00:00,27.260892813792452
2022-09-11 07:00:00,74.5820768122212
2022-09-11 08:00:00,187.71688110916875
2022-09-11 09:00:00,236.92059769463958
2022-09-11 10:00:00,264.1597947924165
2022-09-11 11:00:00,276.1354593914002
2022-09-11 12:00:00,274.56599378050305
2022-09-11 13:00:00,244.30334402614972
2022-09-11 14:00:00,193.63019057933707
2022-09-11 15:00:00,124.94345619907835
2022-09-11 16:00:00,56.34075503417989
2022-09-11 17:00:00,7.5833240046631545
2022-09-11 18:00:00,0.0
2022-09-11 19:00:00,0.0
2022-09-11 20:00:00,0.0
2022-09-11 21:00:00,0.0
2022-09-11 22:00:00,0.0
2022-09-11 23:00:00,0.0
2022-09-12 00:00:00,0.0
2022-09-12 01:00:00,0.0
2022-09-12 02:00:00,0.0
2022-09-12 03:00:00,0.0
2022-09-12 04:00:00,0.0
2022-09-12 05:00:00,5.488852051377762
2022-09-12 06:00:00,42.68539774772944
2022-09-12 07:00:00,125.06494627648499
2022-09-12 08:00:00,179.63762351695914
2022-09-12 09:00:00,222.34755233791657
2022-09-12 10:00:00,255.8024333990761
2022-09-12 11:00:00,271.7657972817542
2022-09-12 12:00:00,270.11520912428387
2022-09-12 13:00:00,240.5627821739181
2022-09-12 14:00:00,190.85328824439785
2022-09-12 15:00:00,107.37677555787377
2022-09-12 16:00:00,55.52987720083911
2022-09-12 17:00:00,9.128599918156397
2022-09-12 18:00:00,0.0
2022-09-12 19:00:00,0.0
2022-09-12 20:00:00,0.0
2022-09-12 21:00:00,0.0
2022-09-12 22:00:00,0.0
2022-09-12 23:00:00,0.0
2022-09-13 00:00:00,0.0
2022-09-13 01:00:00,0.0
2022-09-13 02:00:00,0.0
2022-09-13 03:00:00,0.0
2022-09-13 04:00:00,0.0
2022-09-13 05:00:00,4.770853989874013
2022-09-13 06:00:00,39.944891614315566
2022-09-13 07:00:00,119.37317707471084
2022-09-13 08:00:00,174.84104374563321
2022-09-13 09:00:00,223.63010758307064
2022-09-13 10:00:00,246.20093879435444
2022-09-13 11:00:00,253.35736179357627
2022-09-13 12:00:00,190.7999752361793
2022-09-13 13:00:00,167.30416845768923
2022-09-13 14:00:00,131.54231136036105
2022-09-13 15:00:00,60.41149866412161
2022-09-13 16:00:00,46.55898220353993
2022-09-13 17:00:00,6.982472830684856
2022-09-13 18:00:00,0.0
2022-09-13 19:00:00,0.0
2022-09-13 20:00:00,0.0
2022-09-13 21:00:00,0.0
2022-09-13 22:00:00,0.0
2022-09-13 23:00:00,3.278666666650679
2022-09-14 00:00:00,0.0
2022-09-14 01:00:00,0.0
2022-09-14 02:00:00,0.0
2022-09-14 03:00:00,0.0
2022-09-14 04:00:00,0.0
2022-09-14 05:00:00,1.760414312593639
2022-09-14 06:00:00,13.392118094023317
2022-09-14 07:00:00,26.258465530409012
2022-09-14 08:00:00,92.46659991581691
2022-09-14 09:00:00,92.21464658674086
2022-09-14 10:00:00,90.37478270521387
2022-09-14 11:00:00,63.76231814280618
2022-09-14 12:00:00,115.09241358662257
2022-09-14 13:00:00,202.9379377826117
2022-09-14 14:00:00,148.04138902778504
2022-09-14 15:00:00,62.731860864849295
2022-09-14 16:00:00,42.69662673183484
2022-09-14 17:00:00,5.7329520443454385
2022-09-14 18:00:00,0.0
2022-09-14 19:00:00,0.0
2022-09-14 20:00:00,0.0
2022-09-14 21:00:00,0.0
2022-09-14 22:00:00,0.0
2022-09-14 23:00:00,0.0
2022-09-15 00:00:00,0.0
2022-09-15 01:00:00,0.0
2022-09-15 02:00:00,0.0
2022-09-15 03:00:00,0.0
2022-09-15 04:00:00,0.0
2022-09-15 05:00:00,2.367914893606212
2022-09-15 06:00:00,14.757740938453935
2022-09-15 07:00:00,50.67814514657948
2022-09-15 08:00:00,37.053602526313625
2022-09-15 09:00:00,68.29795291903429
2022-09-15 10:00:00,56.92912413639715
2022-09-15 11:00:00,31.35430744534824
2022-09-15 12:00:00,24.079034953261726
2022-09-15 13:00:00,42.75905663735466
2022-09-15 14:00:00,50.89457440323895
2022-09-15 15:00:00,37.35688338027103
2022-09-15 16:00:00,17.297056267678272
2022-09-15 17:00:00,0.0
2022-09-15 18:00:00,0.0
2022-09-15 19:00:00,0.0
2022-09-15 20:00:00,0.0
2022-09-15 21:00:00,0.0
2022-09-15 22:00:00,0.0
2022-09-15 23:00:00,0.0
2022-09-16 00:00:00,0.0
2022-09-16 01:00:00,0.0
2022-09-16 02:00:00,0.0
2022-09-16 03:00:00,0.0
2022-09-16 04:00:00,0.0
2022-09-16 05:00:00,0.3601616161759011
2022-09-16 06:00:00,11.980657539970707
2022-09-16 07:00:00,27.08280578040285
2022-09-16 08:00:00,38.96794559434056
2022-09-16 09:00:00,55.39059837622335
2022-09-16 10:00:00,125.67364048294257
2022-09-16 11:00:00,86.6118355554645
2022-09-16 12:00:00,160.63030675973278
2022-09-16 13:00:00,45.70299189601792
2022-09-16 14:00:00,24.36000484257238
2022-09-16 15:00:00,18.510082828754093
2022-09-16 16:00:00,2.7505834618932568
2022-09-16 17:00:00,0.0
2022-09-16 18:00:00,0.0
2022-09-16 19:00:00,0.0
2022-09-16 20:00:00,0.0
2022-09-16 21:00:00,0.0
2022-09-16 22:00:00,0.0
2022-09-16 23:00:00,0.0
2022-09-17 00:00:00,0.0
2022-09-17 01:00:00,0.0
2022-09-17 02:00:00,0.0
2022-09-17 03:00:00,0.0
2022-09-17 04:00:00,0.0
2022-09-17 05:00:00,1.1360168067039922
2022-09-17 06:00:00,15.467612772772554
2022-09-17 07:00:00,36.51861981273396
2022-09-17 08:00:00,31.22810610878514
2022-09-17 09:00:00,42.67610797705129
2022-09-17 10:00:00,102.72708826872986
2022-09-17 11:00:00,91.95446112874197
2022-09-17 12:00:00,140.57627805194352
2022-09-17 13:00:00,91.43631091527641
2022-09-17 14:00:00,68.8013410649728
2022-09-17 15:00:00,40.25648053281475
2022-09-17 16:00:00,39.89497197116725
2022-09-17 17:00:00,8.905004391621333
2022-09-17 18:00:00,0.0
2022-09-17 19:00:00,0.0
2022-09-17 20:00:00,0.0
2022-09-17 21:00:00,0.0
2022-09-17 22:00:00,0.0
2022-09-17 23:00:00,0.0
2022-09-18 00:00:00,0.0
2022-09-18 01:00:00,0.0
2022-09-18 02:00:00,0.0
2022-09-18 03:00:00,0.0
2022-09-18 04:00:00,0.0
2022-09-18 05:00:00,1.5392325135180727
2022-09-18 06:00:00,36.752129333268385
2022-09-18 07:00:00,114.17171032738406
2022-09-18 08:00:00,173.53748463699594
2022-09-18 09:00:00,227.65253794117598
2022-09-18 10:00:00,253.55114343762398
2022-09-18 11:00:00,261.88425442774314
2022-09-18 12:00:00,267.4165290032397
2022-09-18 13:00:00,170.55833292537136
2022-09-18 14:00:00,66.04885876900516
2022-09-18 15:00:00,35.84330416616285
2022-09-18 16:00:00,12.801363104372285
2022-09-18 17:00:00,0.7908439422608352
2022-09-18 18:00:00,0.0
2022-09-18 19:00:00,0.0
2022-09-18 20:00:00,0.0
2022-09-18 21:00:00,0.0
2022-09-18 22:00:00,0.0
2022-09-18 23:00:00,0.0
2022-09-19 00:00:00,0.0
2022-09-19 01:00:00,0.0
2022-09-19 02:00:00,0.0
2022-09-19 03:00:00,0.0
2022-09-19 04:00:00,0.0
2022-09-19 05:00:00,0.4890256409998983
2022-09-19 06:00:00,22.34164958744077
2022-09-19 07:00:00,65.89954042813042
2022-09-19 08:00:00,114.67381997947814
2022-09-19 09:00:00,172.51511982723605
2022-09-19 10:00:00,183.45946715655737
2022-09-19 11:00:00,273.36199544672854
2022-09-19 12:00:00,233.67867244861554
2022-09-19 13:00:00,181.49979133886518
2022-09-19 14:00:00,176.2669534360757
2022-09-19 15:00:00,105.92950387776364
2022-09-19 16:00:00,39.504246285243426
2022-09-19 17:00:00,2.785419053863734
2022-09-19 18:00:00,0.0
2022-09-19 19:00:00,0.0
2022-09-19 20:00:00,0.0
2022-09-19 21:00:00,0.0
2022-09-19 22:00:00,0.0
2022-09-19 23:00:00,0.0
2022-09-20 00:00:00,0.0
2022-09-20 01:00:00,0.0
2022-09-20 02:00:00,0.0
2022-09-20 03:00:00,0.0
2022-09-20 04:00:00,0.0
2022-09-20 05:00:00,2.311793889675755
2022-09-20 06:00:00,32.96562870487105
2022-09-20 07:00:00,106.23064048896777
2022-09-20 08:00:00,169.1719927689992
2022-09-20 09:00:00,220.166610325512
2022-09-20 10:00:00,251.56736432900652
2022-09-20 11:00:00,269.1717656504479
2022-09-20 12:00:00,261.7349364865222
2022-09-20 13:00:00,225.07584225095343
2022-09-20 14:00:00,163.16596008784836
2022-09-20 15:00:00,98.42492912564194
2022-09-20 16:00:00,27.00144705979619
2022-09-20 17:00:00,2.549775401072111
2022-09-20 18:00:00,0.0
2022-09-20 19:00:00,0.0
2022-09-20 20:00:00,0.0
2022-09-20 21:00:00,0.0
2022-09-20 22:00:00,0.0
2022-09-20 23:00:00,0.0
2022-09-21 00:00:00,0.0
2022-09-21 01:00:00,0.0
2022-09-21 02:00:00,0.0
2022-09-21 03:00:00,0.0
2022-09-21 04:00:00,0.0
2022-09-21 05:00:00,0.4914367815945297
2022-09-21 06:00:00,11.474953938624822
2022-09-21 07:00:00,37.282613757881336
2022-09-21 08:00:00,95.53492232598364
2022-09-21 09:00:00,216.35500813880935
2022-09-21 10:00:00,269.97361695358995
2022-09-21 11:00:00,256.8926123912097
2022-09-21 12:00:00,256.97302022582153
2022-09-21 13:00:00,190.57504614820937
2022-09-21 14:00:00,101.71783721930115
2022-09-21 15:00:00,38.373574536060914
2022-09-21 16:00:00,22.429149041010533
2022-09-21 17:00:00,2.9947941265418194
2022-09-21 18:00:00,0.0
2022-09-21 19:00:00,0.0
2022-09-21 20:00:00,0.0
2022-09-21 21:00:00,0.0
2022-09-21 22:00:00,0.0
2022-09-21 23:00:00,0.0
2022-09-22 00:00:00,0.0
2022-09-22 01:00:00,0.0
2022-09-22 02:00:00,0.0
2022-09-22 03:00:00,0.0
2022-09-22 04:00:00,0.0
2022-09-22 05:00:00,1.2008758064475842
2022-09-22 06:00:00,14.824113992333878
2022-09-22 07:00:00,77.93767638521967
2022-09-22 08:00:00,163.1885438793688
2022-09-22 09:00:00,211.36984590417705
2022-09-22 10:00:00,238.56178484141128
2022-09-22 11:00:00,251.1870113676996
2022-09-22 12:00:00,247.0989018152468
2022-09-22 13:00:00,212.46379379188875
2022-09-22 14:00:00,157.49667533568572
2022-09-22 15:00:00,91.02730754460208
2022-09-22 16:00:00,34.56950034608599
2022-09-22 17:00:00,2.1766798798926175
2022-09-22 18:00:00,0.0
2022-09-22 19:00:00,0.0
2022-09-22 20:00:00,0.0
2022-09-22 21:00:00,0.0
2022-09-22 22:00:00,0.0
2022-09-22 23:00:00,0.0
2022-09-23 00:00:00,0.0
2022-09-23 01:00:00,0.0
2022-09-23 02:00:00,0.0
2022-09-23 03:00:00,0.0
2022-09-23 04:00:00,0.0
2022-09-23 05:00:00,1.6785626243799927
2022-09-23 06:00:00,43.80555968894623
2022-09-23 07:00:00,110.49043939390685
2022-09-23 08:00:00,130.57734386087395
2022-09-23 09:00:00,174.41580348316347
2022-09-23 10:00:00,190.55577541998355
2022-09-23 11:00:00,241.93588333338266
2022-09-23 12:00:00,218.9562288543093
2022-09-23 13:00:00,193.87871372362133
2022-09-23 14:00:00,135.5231355544529
2022-09-23 15:00:00,64.66218157293042
2022-09-23 16:00:00,28.65606201410992
2022-09-23 17:00:00,2.1802459757309407
2022-09-23 18:00:00,0.0
2022-09-23 19:00:00,0.0
2022-09-23 20:00:00,0.0
2022-09-23 21:00:00,0.0
2022-09-23 22:00:00,0.0
2022-09-23 23:00:00,0.0
2022-09-24 00:00:00,0.0
2022-09-24 01:00:00,0.0
2022-09-24 02:00:00,0.0
2022-09-24 03:00:00,0.0
2022-09-24 04:00:00,0.0
2022-09-24 05:00:00,0.0
2022-09-24 06:00:00,0.2054379680776036
2022-09-24 07:00:00,2.791743937181309
2022-09-24 08:00:00,13.635683110624086
2022-09-24 09:00:00,38.8540421956568
2022-09-24 10:00:00,55.39435767295072
2022-09-24 11:00:00,89.42204663495068
2022-09-24 12:00:00,91.19523360172752
2022-09-24 13:00:00,92.63396643102169
2022-09-24 14:00:00,40.94067141949199
2022-09-24 15:00:00,60.30759173427941
2022-09-24 16:00:00,25.220782179618254
2022-09-24 17:00:00,0.5017647058703005
2022-09-24 18:00:00,0.0
2022-09-24 19:00:00,0.0
2022-09-24 20:00:00,0.0
2022-09-24 21:00:00,0.0
2022-09-24 22:00:00,0.0
2022-09-24 23:00:00,0.0
2022-09-25 00:00:00,0.0
2022-09-25 01:00:00,0.0
2022-09-25 02:00:00,0.0
2022-09-25 03:00:00,0.0
2022-09-25 04:00:00,0.0
2022-09-25 05:00:00,0.7431052631582133
2022-09-25 06:00:00,11.00541903154226
2022-09-25 07:00:00,11.497580847179051
2022-09-25 08:00:00,13.59803278761683
2022-09-25 09:00:00,37.27794606372481
2022-09-25 10:00:00,91.55372894374887
2022-09-25 11:00:00,140.5351077708765
2022-09-25 12:00:00,132.35018036176916
2022-09-25 13:00:00,52.84103914152365
2022-09-25 14:00:00,26.617547687434126
2022-09-25 15:00:00,11.549535860074684
2022-09-25 16:00:00,4.129771842563059
2022-09-25 17:00:00,0.0
2022-09-25 18:00:00,0.0
2022-09-25 19:00:00,0.0
2022-09-25 20:00:00,0.0
2022-09-25 21:00:00,0.0
2022-09-25 22:00:00,0.0
2022-09-25 23:00:00,0.0
2022-09-26 00:00:00,0.0
2022-09-26 01:00:00,0.0
2022-09-26 02:00:00,0.0
2022-09-26 03:00:00,0.0
2022-09-26 04:00:00,0.0
2022-09-26 05:00:00,0.743365079339128
2022-09-26 06:00:00,6.341399742406793
2022-09-26 07:00:00,22.726474252704065
2022-09-26 08:00:00,27.3403389621526
2022-09-26 09:00:00,54.22942545765545
2022-09-26 10:00:00,99.05530942569021
2022-09-26 11:00:00,144.60506617563078
2022-09-26 12:00:00,158.7126880697906
2022-09-26 13:00:00,108.49051242083078
2022-09-26 14:00:00,85.21259975404246
2022-09-26 15:00:00,45.717325741483364
2022-09-26 16:00:00,10.916082850890234
2022-09-26 17:00:00,1.337622701015789
2022-09-26 18:00:00,0.0
2022-09-26 19:00:00,0.0
2022-09-26 20:00:00,0.0
2022-09-26 21:00:00,0.0
2022-09-26 22:00:00,0.0
2022-09-26 23:00:00,0.0
2022-09-27 00:00:00,0.0
2022-09-27 01:00:00,0.0
2022-09-27 02:00:00,0.0
2022-09-27 03:00:00,0.0
2022-09-27 04:00:00,0.0
2022-09-27 05:00:00,0.2197777777910232
2022-09-27 06:00:00,9.711691589269321
2022-09-27 07:00:00,32.901872437796555
2022-09-27 08:00:00,49.1818354895222
2022-09-27 09:00:00,76.32907267246628
2022-09-27 10:00:00,80.72034098376753
2022-09-27 11:00:00,100.87687015655683
2022-09-27 12:00:00,97.31776742666261
2022-09-27 13:00:00,42.95864102296764
2022-09-27 14:00:00,49.52191058610333
2022-09-27 15:00:00,65.26269725122256
2022-09-27 16:00:00,30.674555006728042
2022-09-27 17:00:00,0.22198709676740688
2022-09-27 18:00:00,0.0
2022-09-27 19:00:00,0.0
2022-09-27 20:00:00,0.0
2022-09-27 21:00:00,0.0
2022-09-27 22:00:00,0.0
2022-09-27 23:00:00,0.0
2022-09-28 00:00:00,0.0
2022-09-28 01:00:00,0.0
2022-09-28 02:00:00,0.0
2022-09-28 03:00:00,0.0
2022-09-28 04:00:00,0.0
2022-09-28 05:00:00,0.0
2022-09-28 06:00:00,2.0200724256574176
2022-09-28 07:00:00,10.553714555921033
2022-09-28 08:00:00,23.61025729146786
2022-09-28 09:00:00,51.511236259539146
2022-09-28 10:00:00,39.785658191656694
2022-09-28 11:00:00,72.30639363604132
2022-09-28 12:00:00,51.06765989307314
2022-09-28 13:00:00,42.54894183325814
2022-09-28 14:00:00,15.203237799636554
2022-09-28 15:00:00,13.840478036843706
2022-09-28 16:00:00,3.0152827512356453
2022-09-28 17:00:00,0.0
2022-09-28 18:00:00,0.0
2022-09-28 19:00:00,0.0
2022-09-28 20:00:00,0.0
2022-09-28 21:00:00,0.0
2022-09-28 22:00:00,0.0
2022-09-28 23:00:00,0.0
2022-09-29 00:00:00,0.0
2022-09-29 01:00:00,0.0
2022-09-29 02:00:00,0.0
2022-09-29 03:00:00,0.0
2022-09-29 04:00:00,0.0
2022-09-29 05:00:00,0.0
2022-09-29 06:00:00,6.141902667470276
2022-09-29 07:00:00,26.07377492665546
2022-09-29 08:00:00,39.622503699036315
2022-09-29 09:00:00,73.29042956937337
2022-09-29 10:00:00,74.53222173987888
2022-09-29 11:00:00,90.60623726568883
2022-09-29 12:00:00,91.82921291567618
2022-09-29 13:00:00,59.19613449985627
2022-09-29 14:00:00,42.229495524428785
2022-09-29 15:00:00,18.56491756043397
2022-09-29 16:00:00,9.792499940667767
2022-09-29 17:00:00,0.2198709677322767
2022-09-29 18:00:00,0.0
2022-09-29 19:00:00,0.0
2022-09-29 20:00:00,0.0
2022-09-29 21:00:00,0.0
2022-09-29 22:00:00,0.0
2022-09-29 23:00:00,0.0
2022-09-30 00:00:00,0.0
2022-09-30 01:00:00,0.0
2022-09-30 02:00:00,0.0
2022-09-30 03:00:00,0.0
2022-09-30 04:00:00,0.0
2022-09-30 05:00:00,0.0
2022-09-30 06:00:00,4.629725886683445
2022-09-30 07:00:00,29.655235229991376
2022-09-30 08:00:00,90.88704493851401
2022-09-30 09:00:00,99.91099594027037
2022-09-30 10:00:00,45.90677597868489
2022-09-30 11:00:00,24.83970572653925
2022-09-30 12:00:00,35.12917718902463
2022-09-30 13:00:00,82.94294514611829
2022-09-30 14:00:00,68.27994149771985
2022-09-30 15:00:00,25.347691984847188
2022-09-30 16:00:00,6.555518760869745
2022-09-30 17:00:00,0.53642424242571
2022-09-30 18:00:00,0.0
2022-09-30 19:00:00,0.0
2022-09-30 20:00:00,0.0
2022-09-30 21:00:00,0.0
2022-09-30 22:00:00,0.0
2022-09-30 23:00:00,0.0
2022-10-01 00:00:00,0.0
2022-10-01 01:00:00,0.0
2022-10-01 02:00:00,0.0
2022-10-01 03:00:00,0.0
2022-10-01 04:00:00,0.0
2022-10-01 05:00:00,0.2728648648480885
2022-10-01 06:00:00,8.66758490842767
2022-10-01 07:00:00,14.900454480492044
2022-10-01 08:00:00,24.114187069935724
2022-10-01 09:00:00,27.00805963005405
2022-10-01 10:00:00,21.531645289680455
2022-10-01 11:00:00,28.212790994090028
2022-10-01 12:00:00,15.806062000105157
2022-10-01 13:00:00,15.30247565143509
2022-10-01 14:00:00,16.004104284162167
2022-10-01 15:00:00,8.736123560520355
2022-10-01 16:00:00,1.2485027950606309
2022-10-01 17:00:00,0.0
2022-10-01 18:00:00,0.0
2022-10-01 19:00:00,0.0
2022-10-01 20:00:00,0.0
2022-10-01 21:00:00,0.0
2022-10-01 22:00:00,0.0
2022-10-01 23:00:00,0.0
2022-10-02 00:00:00,0.0
2022-10-02 01:00:00,0.0
2022-10-02 02:00:00,0.0
2022-10-02 03:00:00,0.0
2022-10-02 04:00:00,0.0
2022-10-02 05:00:00,0.4852710280101746
2022-10-02 06:00:00,12.14126319339266
2022-10-02 07:00:00,65.94782999146264
2022-10-02 08:00:00,160.13347767683445
2022-10-02 09:00:00,147.3101490708068
2022-10-02 10:00:00,200.98995689005824
2022-10-02 11:00:00,198.80222881457303
2022-10-02 12:00:00,242.58258390426636
2022-10-02 13:00:00,92.70598150999285
2022-10-02 14:00:00,47.60435973474523
2022-10-02 15:00:00,57.46853096754057
2022-10-02 16:00:00,16.191308981506154
2022-10-02 17:00:00,0.5266222222126089
2022-10-02 18:00:00,0.0
2022-10-02 19:00:00,0.0
2022-10-02 20:00:00,0.0
2022-10-02 21:00:00,0.0
2022-10-02 22:00:00,0.0
2022-10-02 23:00:00,0.0
2022-10-03 00:00:00,0.0
2022-10-03 01:00:00,0.0
2022-10-03 02:00:00,0.0
2022-10-03 03:00:00,0.0
2022-10-03 04:00:00,0.0
2022-10-03 05:00:00,0.0
2022-10-03 06:00:00,6.5378988980082795
2022-10-03 07:00:00,29.53889792598784
2022-10-03 08:00:00,66.79057246778393
2022-10-03 09:00:00,81.61883436737116
2022-10-03 10:00:00,120.0764114423655
2022-10-03 11:00:00,130.7834131725249
2022-10-03 12:00:00,68.66412701591616
2022-10-03 13:00:00,48.48084513458889
2022-10-03 14:00:00,42.24232502077939
2022-10-03 15:00:00,28.53003504674416
2022-10-03 16:00:00,7.173603564151563
2022-10-03 17:00:00,0.0
2022-10-03 18:00:00,0.0
2022-10-03 19:00:00,0.0
2022-10-03 20:00:00,0.0
2022-10-03 21:00:00,0.0
2022-10-03 22:00:00,0.0
2022-10-03 23:00:00,0.0
2022-10-04 00:00:00,0.0
2022-10-04 01:00:00,0.0
2022-10-04 02:00:00,0.0
2022-10-04 03:00:00,0.0
2022-10-04 04:00:00,0.0
2022-10-04 05:00:00,0.0
2022-10-04 06:00:00,3.3089185313438065
2022-10-04 07:00:00,28.415809323603753
2022-10-04 08:00:00,75.45176451455336
2022-10-04 09:00:00,142.42527058988344
2022-10-04 10:00:00,177.44282610178925
2022-10-04 11:00:00,203.20767478388734
2022-10-04 12:00:00,221.36208806722425
2022-10-04 13:00:00,174.53251869237283
2022-10-04 14:00:00,123.80597219103947
2022-10-04 15:00:00,66.12838709022617
2022-10-04 16:00:00,18.094522410538048
2022-10-04 17:00:00,0.1838518518488854
2022-10-04 18:00:00,0.0
2022-10-04 19:00:00,0.0
2022-10-04 20:00:00,0.0
2022-10-04 21:00:00,0.0
2022-10-04 22:00:00,0.0
2022-10-04 23:00:00,0.0
2022-10-05 00:00:00,0.0
2022-10-05 01:00:00,0.0
2022-10-05 02:00:00,0.0
2022-10-05 03:00:00,0.0
2022-10-05 04:00:00,0.0
2022-10-05 05:00:00,0.1944545454462058
2022-10-05 06:00:00,17.94151541753672
2022-10-05 07:00:00,75.74993251339765
2022-10-05 08:00:00,133.6321513869334
2022-10-05 09:00:00,178.111444005277
2022-10-05 10:00:00,210.74276683997596
2022-10-05 11:00:00,222.18897680816008
2022-10-05 12:00:00,214.4464954197174
2022-10-05 13:00:00,171.66956761904294
2022-10-05 14:00:00,118.04161224036943
2022-10-05 15:00:00,62.12283912335988
2022-10-05 16:00:00,16.414448219758924
2022-10-05 17:00:00,0.1243000000249594
2022-10-05 18:00:00,0.0
2022-10-05 19:00:00,0.0
2022-10-05 20:00:00,1.734666666656267
2022-10-05 21:00:00,0.0
2022-10-05 22:00:00,0.0
2022-10-05 23:00:00,0.0
2022-10-06 00:00:00,0.0
2022-10-06 01:00:00,0.0
2022-10-06 02:00:00,0.0
2022-10-06 03:00:00,0.0
2022-10-06 04:00:00,0.0
2022-10-06 05:00:00,0.1922926829429343
2022-10-06 06:00:00,16.267147975275293
2022-10-06 07:00:00,70.0917593461927
2022-10-06 08:00:00,127.62172782194102
2022-10-06 09:00:00,169.80480990669457
2022-10-06 10:00:00,201.07812106027268
2022-10-06 11:00:00,213.86404899449553
2022-10-06 12:00:00,203.72243328380864
2022-10-06 13:00:00,161.67430371028604
2022-10-06 14:00:00,116.7784578683204
2022-10-06 15:00:00,64.75640034832759
2022-10-06 16:00:00,8.531319524801802
2022-10-06 17:00:00,0.0
2022-10-06 18:00:00,0.0
2022-10-06 19:00:00,0.0
2022-10-06 20:00:00,0.0
2022-10-06 21:00:00,0.0
2022-10-06 22:00:00,0.0
2022-10-06 23:00:00,0.0
2022-10-07 00:00:00,0.0
2022-10-07 01:00:00,0.0
2022-10-07 02:00:00,0.0
2022-10-07 03:00:00,0.0
2022-10-07 04:00:00,0.0
2022-10-07 05:00:00,0.0
2022-10-07 06:00:00,7.841454612207599
2022-10-07 07:00:00,31.626495542761404
2022-10-07 08:00:00,70.88738571171416
2022-10-07 09:00:00,150.93470000691013
2022-10-07 10:00:00,201.83558272646042
2022-10-07 11:00:00,209.55888886452885
2022-10-07 12:00:00,200.23691072891233
2022-10-07 13:00:00,158.27015320549253
2022-10-07 14:00:00,109.70969083491946
2022-10-07 15:00:00,50.56478919892106
2022-10-07 16:00:00,16.057262915710453
2022-10-07 17:00:00,0.0
2022-10-07 18:00:00,0.0
2022-10-07 19:00:00,0.0
2022-10-07 20:00:00,0.0
2022-10-07 21:00:00,0.0
2022-10-07 22:00:00,0.0
2022-10-07 23:00:00,0.0
2022-10-08 00:00:00,0.0
2022-10-08 01:00:00,0.0
2022-10-08 02:00:00,0.0
2022-10-08 03:00:00,0.0
2022-10-08 04:00:00,0.0
2022-10-08 05:00:00,0.0
2022-10-08 06:00:00,7.067353154649027
2022-10-08 07:00:00,33.34675624058582
2022-10-08 08:00:00,69.1517102990183
2022-10-08 09:00:00,71.38308181380853
2022-10-08 10:00:00,43.99747183197178
2022-10-08 11:00:00,19.891324646829162
2022-10-08 12:00:00,41.305738321272656
2022-10-08 13:00:00,50.72882475121878
2022-10-08 14:00:00,42.98120535747148
2022-10-08 15:00:00,14.05538123921724
2022-10-08 16:00:00,1.1182344309054315
2022-10-08 17:00:00,0.0
2022-10-08 18:00:00,0.0
2022-10-08 19:00:00,0.0
2022-10-08 20:00:00,0.0
2022-10-08 21:00:00,0.0
2022-10-08 22:00:00,0.0
2022-10-08 23:00:00,0.0
2022-10-09 00:00:00,0.0
2022-10-09 01:00:00,0.0
2022-10-09 02:00:00,0.0
2022-10-09 03:00:00,0.0
2022-10-09 04:00:00,0.0
2022-10-09 05:00:00,0.0
2022-10-09 06:00:00,3.543691861210391
2022-10-09 07:00:00,18.73865678475704
2022-10-09 08:00:00,21.10960497322958
2022-10-09 09:00:00,47.366908864234574
2022-10-09 10:00:00,53.829799447907135
2022-10-09 11:00:00,60.221328335115686
2022-10-09 12:00:00,68.13618808868341
2022-10-09 13:00:00,63.4639300587005
2022-10-09 14:00:00,32.84346272889525
2022-10-09 15:00:00,17.352207306365017
2022-10-09 16:00:00,4.427442097803578
2022-10-09 17:00:00,0.0
2022-10-09 18:00:00,0.0
2022-10-09 19:00:00,0.0
2022-10-09 20:00:00,0.0
2022-10-09 21:00:00,0.0
2022-10-09 22:00:00,0.0
2022-10-09 23:00:00,0.0
2022-10-10 00:00:00,0.0
2022-10-10 01:00:00,0.0
2022-10-10 02:00:00,0.0
2022-10-10 03:00:00,0.0
2022-10-10 04:00:00,0.0
2022-10-10 05:00:00,0.0
2022-10-10 06:00:00,3.551326022425201
2022-10-10 07:00:00,23.063124196138233
2022-10-10 08:00:00,39.72554934822256
2022-10-10 09:00:00,111.67858937452547
2022-10-10 10:00:00,134.0536749844905
2022-10-10 11:00:00,187.04659636568977
2022-10-10 12:00:00,91.8511109467945
2022-10-10 13:00:00,78.64715600287309
2022-10-10 14:00:00,61.770897715876345
2022-10-10 15:00:00,33.27375937777106
2022-10-10 16:00:00,9.284261682420038
2022-10-10 17:00:00,0.0
2022-10-10 18:00:00,0.0
2022-10-10 19:00:00,0.0
2022-10-10 20:00:00,0.0
2022-10-10 21:00:00,0.0
2022-10-10 22:00:00,0.0
2022-10-10 23:00:00,0.0
2022-10-11 00:00:00,0.0
2022-10-11 01:00:00,0.0
2022-10-11 02:00:00,0.0
2022-10-11 03:00:00,0.0
2022-10-11 04:00:00,0.0
2022-10-11 05:00:00,0.1358333333046175
2022-10-11 06:00:00,13.33171864337055
2022-10-11 07:00:00,55.06002697668737
2022-10-11 08:00:00,103.61968767433427
2022-10-11 09:00:00,157.21192302921554
2022-10-11 10:00:00,187.76775017217733
2022-10-11 11:00:00,200.1283451425261
2022-10-11 12:00:00,189.29221775522456
2022-10-11 13:00:00,98.71987212268868
2022-10-11 14:00:00,99.29869278968545
2022-10-11 15:00:00,25.345362909603864
2022-10-11 16:00:00,2.5689003398292694
2022-10-11 17:00:00,0.0
2022-10-11 18:00:00,0.0
2022-10-11 19:00:00,0.0
2022-10-11 20:00:00,0.0
2022-10-11 21:00:00,0.0
2022-10-11 22:00:00,0.0
2022-10-11 23:00:00,0.0
2022-10-12 00:00:00,0.0
2022-10-12 01:00:00,0.0
2022-10-12 02:00:00,0.0
2022-10-12 03:00:00,0.0
2022-10-12 04:00:00,0.0
2022-10-12 05:00:00,0.0
2022-10-12 06:00:00,0.0
2022-10-12 07:00:00,10.221487285511103
2022-10-12 08:00:00,42.55822595820064
2022-10-12 09:00:00,77.92401879822137
2022-10-12 10:00:00,100.93628018250456
2022-10-12 11:00:00,105.4874681616202
2022-10-12 12:00:00,134.88934351789067
2022-10-12 13:00:00,133.41857096843887
2022-10-12 14:00:00,67.53818304813467
2022-10-12 15:00:00,24.002532253973186
2022-10-12 16:00:00,6.815269555547275
2022-10-12 17:00:00,0.0
2022-10-12 18:00:00,0.0
2022-10-12 19:00:00,0.0
2022-10-12 20:00:00,0.0
2022-10-12 21:00:00,0.0
2022-10-12 22:00:00,0.0
2022-10-12 23:00:00,0.0
2022-10-13 00:00:00,0.0
2022-10-13 01:00:00,0.0
2022-10-13 02:00:00,0.0
2022-10-13 03:00:00,0.0
2022-10-13 04:00:00,0.0
2022-10-13 05:00:00,0.0
2022-10-13 06:00:00,15.668911264219787
2022-10-13 07:00:00,53.655860023689456
2022-10-13 08:00:00,92.7095168584492
2022-10-13 09:00:00,88.65049611148424
2022-10-13 10:00:00,144.25177892140346
2022-10-13 11:00:00,115.62443171872292
2022-10-13 12:00:00,155.68233833869454
2022-10-13 13:00:00,92.50490559992613
2022-10-13 14:00:00,56.46061833028216
2022-10-13 15:00:00,23.47781019390095
2022-10-13 16:00:00,6.664176638587378
2022-10-13 17:00:00,0.0
2022-10-13 18:00:00,0.0
2022-10-13 19:00:00,0.0
2022-10-13 20:00:00,0.0
2022-10-13 21:00:00,0.0
2022-10-13 22:00:00,0.0
2022-10-13 23:00:00,0.0
2022-10-14 00:00:00,0.0
2022-10-14 01:00:00,0.0
2022-10-14 02:00:00,0.0
2022-10-14 03:00:00,0.0
2022-10-14 04:00:00,0.0
2022-10-14 05:00:00,0.0279999999911524
2022-10-14 06:00:00,8.482323064410593
2022-10-14 07:00:00,31.949469857965596
2022-10-14 08:00:00,53.3444011574029
2022-10-14 09:00:00,125.2283125264803
2022-10-14 10:00:00,160.09751323214732
2022-10-14 11:00:00,123.95455980772385
2022-10-14 12:00:00,122.39077268680558
2022-10-14 13:00:00,63.76188699872
2022-10-14 14:00:00,22.12950162938796
2022-10-14 15:00:00,6.718902260065079
2022-10-14 16:00:00,1.521528527198825
2022-10-14 17:00:00,0.0
2022-10-14 18:00:00,0.0
2022-10-14 19:00:00,0.0
2022-10-14 20:00:00,0.0
2022-10-14 21:00:00,0.0
2022-10-14 22:00:00,0.0
2022-10-14 23:00:00,0.0
2022-10-15 00:00:00,0.0
2022-10-15 01:00:00,0.0
2022-10-15 02:00:00,0.0
2022-10-15 03:00:00,0.0
2022-10-15 04:00:00,0.0
2022-10-15 05:00:00,0.0
2022-10-15 06:00:00,5.532327284454368
2022-10-15 07:00:00,24.24730269185966
2022-10-15 08:00:00,22.12778827943839
2022-10-15 09:00:00,34.3127538197441
2022-10-15 10:00:00,59.61311025050236
2022-10-15 11:00:00,128.8830433858093
2022-10-15 12:00:00,170.55380395596148
2022-10-15 13:00:00,93.31327166454867
2022-10-15 14:00:00,84.49749728903407
2022-10-15 15:00:00,39.63357006077422
2022-10-15 16:00:00,9.605297564645298
2022-10-15 17:00:00,0.0
2022-10-15 18:00:00,0.0
2022-10-15 19:00:00,0.0
2022-10-15 20:00:00,0.0
2022-10-15 21:00:00,0.0
2022-10-15 22:00:00,0.0
2022-10-15 23:00:00,0.0
2022-10-16 00:00:00,0.0
2022-10-16 01:00:00,0.0
2022-10-16 02:00:00,0.0
2022-10-16 03:00:00,0.0
2022-10-16 04:00:00,0.0
2022-10-16 05:00:00,0.0
2022-10-16 06:00:00,5.555127097235527
2022-10-16 07:00:00,44.3283345560194
2022-10-16 08:00:00,71.67020803666674
2022-10-16 09:00:00,87.2366048998083
2022-10-16 10:00:00,168.98658141016494
2022-10-16 11:00:00,189.06146413594251
2022-10-16 12:00:00,179.24212486931356
2022-10-16 13:00:00,136.6147216229583
2022-10-16 14:00:00,92.07694541843375
2022-10-16 15:00:00,41.94339074194431
2022-10-16 16:00:00,11.164889386098368
2022-10-16 17:00:00,0.0
2022-10-16 18:00:00,0.0
2022-10-16 19:00:00,0.0
2022-10-16 20:00:00,0.0
2022-10-16 21:00:00,0.0
2022-10-16 22:00:00,0.0
2022-10-16 23:00:00,0.0
2022-10-17 00:00:00,0.0
2022-10-17 01:00:00,0.0
2022-10-17 02:00:00,0.0
2022-10-17 03:00:00,0.0
2022-10-17 04:00:00,0.0
2022-10-17 05:00:00,0.0
2022-10-17 06:00:00,8.81945068074856
2022-10-17 07:00:00,60.94823672412895
2022-10-17 08:00:00,118.54766365495743
2022-10-17 09:00:00,152.12017552915495
2022-10-17 10:00:00,179.25884365476668
2022-10-17 11:00:00,171.0252511241124
2022-10-17 12:00:00,156.77974820218515
2022-10-17 13:00:00,129.56735725089675
2022-10-17 14:00:00,87.80539972934639
2022-10-17 15:00:00,40.48248181765666
2022-10-17 16:00:00,4.367806198017206
2022-10-17 17:00:00,0.0
2022-10-17 18:00:00,0.0
2022-10-17 19:00:00,0.0
2022-10-17 20:00:00,0.0
2022-10-17 21:00:00,0.0
2022-10-17 22:00:00,0.0
2022-10-17 23:00:00,0.0
2022-10-18 00:00:00,0.0
2022-10-18 01:00:00,0.0
2022-10-18 02:00:00,0.0
2022-10-18 03:00:00,0.0
2022-10-18 04:00:00,0.0
2022-10-18 05:00:00,0.0
2022-10-18 06:00:00,4.488010168715846
2022-10-18 07:00:00,48.20697022497188
2022-10-18 08:00:00,96.92496645683423
2022-10-18 09:00:00,139.60070371202892
2022-10-18 10:00:00,164.81866927072406
2022-10-18 11:00:00,174.92394765664358
2022-10-18 12:00:00,171.9328344988753
2022-10-18 13:00:00,161.35669663868612
2022-10-18 14:00:00,111.26128284441074
2022-10-18 15:00:00,43.48416776530212
2022-10-18 16:00:00,5.638031337352004
2022-10-18 17:00:00,0.0
2022-10-18 18:00:00,0.0
2022-10-18 19:00:00,0.0
2022-10-18 20:00:00,0.0
2022-10-18 21:00:00,0.0
2022-10-18 22:00:00,0.0
2022-10-18 23:00:00,0.0
2022-10-19 00:00:00,0.0
2022-10-19 01:00:00,0.0
2022-10-19 02:00:00,0.0
2022-10-19 03:00:00,0.0
2022-10-19 04:00:00,0.0
2022-10-19 05:00:00,0.0
2022-10-19 06:00:00,3.254896921396721
2022-10-19 07:00:00,18.73498263338115
2022-10-19 08:00:00,42.652023994131014
2022-10-19 09:00:00,61.15188565477729
2022-10-19 10:00:00,60.29451248788973
2022-10-19 11:00:00,72.96373564645182
2022-10-19 12:00:00,83.40605650958605
2022-10-19 13:00:00,84.95776630420005
2022-10-19 14:00:00,83.28837323753396
2022-10-19 15:00:00,37.46982949465746
2022-10-19 16:00:00,2.2909506516880356
2022-10-19 17:00:00,0.0
2022-10-19 18:00:00,0.0
2022-10-19 19:00:00,0.0
2022-10-19 20:00:00,0.0
2022-10-19 21:00:00,0.0
2022-10-19 22:00:00,0.0
2022-10-19 23:00:00,0.0
2022-10-20 00:00:00,0.0
2022-10-20 01:00:00,0.0
2022-10-20 02:00:00,0.0
2022-10-20 03:00:00,0.0
2022-10-20 04:00:00,0.0
2022-10-20 05:00:00,0.0
2022-10-20 06:00:00,3.098172161146067
2022-10-20 07:00:00,29.259082713455427
2022-10-20 08:00:00,61.552557087503374
2022-10-20 09:00:00,78.00286608701572
2022-10-20 10:00:00,108.89750121999532
2022-10-20 11:00:00,77.55232404038543
2022-10-20 12:00:00,102.31820712279296
2022-10-20 13:00:00,55.449556301289704
2022-10-20 14:00:00,50.40733569674194
2022-10-20 15:00:00,14.833187351061497
2022-10-20 16:00:00,2.2983679864555597
2022-10-20 17:00:00,0.0
2022-10-20 18:00:00,0.0
2022-10-20 19:00:00,0.0
2022-10-20 20:00:00,0.0
2022-10-20 21:00:00,0.0
2022-10-20 22:00:00,0.0
2022-10-20 23:00:00,0.0
2022-10-21 00:00:00,0.0
2022-10-21 01:00:00,0.0
2022-10-21 02:00:00,0.0
2022-10-21 03:00:00,0.0
2022-10-21 04:00:00,0.0
2022-10-21 05:00:00,0.0
2022-10-21 06:00:00,0.8411072219605557
2022-10-21 07:00:00,10.484415303799324
2022-10-21 08:00:00,18.842734971549362
2022-10-21 09:00:00,19.773886028444394
2022-10-21 10:00:00,28.29765822121408
2022-10-21 11:00:00,55.429728746123146
2022-10-21 12:00:00,49.60357838665368
2022-10-21 13:00:00,43.31406405894085
2022-10-21 14:00:00,20.83557996735908
2022-10-21 15:00:00,3.4832875836873427
2022-10-21 16:00:00,0.0
2022-10-21 17:00:00,0.0
2022-10-21 18:00:00,0.0
2022-10-21 19:00:00,0.0
2022-10-21 20:00:00,0.0
2022-10-21 21:00:00,0.0
2022-10-21 22:00:00,0.0
2022-10-21 23:00:00,0.0
2022-10-22 00:00:00,0.0
2022-10-22 01:00:00,0.0
2022-10-22 02:00:00,0.0
2022-10-22 03:00:00,0.0
2022-10-22 04:00:00,0.0
2022-10-22 05:00:00,0.0
2022-10-22 06:00:00,2.4227636363357306
2022-10-22 07:00:00,33.20758772199042
2022-10-22 08:00:00,99.14470042986795
2022-10-22 09:00:00,135.01907992438646
2022-10-22 10:00:00,162.9824011308374
2022-10-22 11:00:00,115.90512504708022
2022-10-22 12:00:00,154.17035229178146
2022-10-22 13:00:00,117.52702083217446
2022-10-22 14:00:00,75.63050114904763
2022-10-22 15:00:00,30.05316855380079
2022-10-22 16:00:00,2.6075928261852823
2022-10-22 17:00:00,0.0
2022-10-22 18:00:00,0.0
2022-10-22 19:00:00,0.0
2022-10-22 20:00:00,0.0
2022-10-22 21:00:00,0.0
2022-10-22 22:00:00,0.0
2022-10-22 23:00:00,0.0
2022-10-23 00:00:00,0.0
2022-10-23 01:00:00,0.0
2022-10-23 02:00:00,0.0
2022-10-23 03:00:00,0.0
2022-10-23 04:00:00,0.0
2022-10-23 05:00:00,0.0
2022-10-23 06:00:00,4.7110818707733415
2022-10-23 07:00:00,25.68897944065975
2022-10-23 08:00:00,73.3770189707866
2022-10-23 09:00:00,124.12426677066833
2022-10-23 10:00:00,150.54226352029946
2022-10-23 11:00:00,122.78427616885165
2022-10-23 12:00:00,114.00392142869532
2022-10-23 13:00:00,105.29632979800226
2022-10-23 14:00:00,52.65060560841812
2022-10-23 15:00:00,11.688954665034544
2022-10-23 16:00:00,1.9079873766168018
2022-10-23 17:00:00,0.0
2022-10-23 18:00:00,0.0
2022-10-23 19:00:00,0.0
2022-10-23 20:00:00,0.0
2022-10-23 21:00:00,0.0
2022-10-23 22:00:00,0.0
2022-10-23 23:00:00,0.0
2022-10-24 00:00:00,0.0
2022-10-24 01:00:00,0.0
2022-10-24 02:00:00,0.0
2022-10-24 03:00:00,0.0
2022-10-24 04:00:00,0.0
2022-10-24 05:00:00,0.0
2022-10-24 06:00:00,2.5467782312771305
2022-10-24 07:00:00,15.258302197966259
2022-10-24 08:00:00,22.235298723506276
2022-10-24 09:00:00,15.182011202326976
2022-10-24 10:00:00,28.310454876045696
2022-10-24 11:00:00,16.430272530182265
2022-10-24 12:00:00,25.582683425571304
2022-10-24 13:00:00,22.509535079007037
2022-10-24 14:00:00,13.99956572422525
2022-10-24 15:00:00,6.305748678161763
2022-10-24 16:00:00,1.161024448403623
2022-10-24 17:00:00,0.0
2022-10-24 18:00:00,0.0
2022-10-24 19:00:00,0.0
2022-10-24 20:00:00,0.0
2022-10-24 21:00:00,0.0
2022-10-24 22:00:00,0.0
2022-10-24 23:00:00,0.0
2022-10-25 00:00:00,0.0
2022-10-25 01:00:00,0.0
2022-10-25 02:00:00,0.0
2022-10-25 03:00:00,0.0
2022-10-25 04:00:00,0.0
2022-10-25 05:00:00,0.0
2022-10-25 06:00:00,2.0437591103836894
2022-10-25 07:00:00,35.66154159005964
2022-10-25 08:00:00,84.7277362938039
2022-10-25 09:00:00,123.87455676286481
2022-10-25 10:00:00,133.431240340753
2022-10-25 11:00:00,164.4434350282536
2022-10-25 12:00:00,147.98356126155704
2022-10-25 13:00:00,116.98800161539111
2022-10-25 14:00:00,64.12370796536561
2022-10-25 15:00:00,31.78635915601626
2022-10-25 16:00:00,2.908181478967891
2022-10-25 17:00:00,0.0
2022-10-25 18:00:00,0.0
2022-10-25 19:00:00,0.0
2022-10-25 20:00:00,0.0
2022-10-25 21:00:00,0.0
2022-10-25 22:00:00,0.0
2022-10-25 23:00:00,0.0
2022-10-26 00:00:00,0.0
2022-10-26 01:00:00,0.0
2022-10-26 02:00:00,0.0
2022-10-26 03:00:00,0.0
2022-10-26 04:00:00,0.0
2022-10-26 05:00:00,0.0
2022-10-26 06:00:00,0.5251465201145037
2022-10-26 07:00:00,27.134807324036952
2022-10-26 08:00:00,41.307053403987084
2022-10-26 09:00:00,71.75242534902645
2022-10-26 10:00:00,138.38946162746288
2022-10-26 11:00:00,149.11434613371966
2022-10-26 12:00:00,148.56901540217223
2022-10-26 13:00:00,114.61734268732835
2022-10-26 14:00:00,71.13897140161134
2022-10-26 15:00:00,23.958440653805155
2022-10-26 16:00:00,2.07189254212426
2022-10-26 17:00:00,0.0
2022-10-26 18:00:00,0.0
2022-10-26 19:00:00,0.0
2022-10-26 20:00:00,0.0
2022-10-26 21:00:00,0.0
2022-10-26 22:00:00,0.0
2022-10-26 23:00:00,0.0
2022-10-27 00:00:00,0.0
2022-10-27 01:00:00,0.0
2022-10-27 02:00:00,0.0
2022-10-27 03:00:00,0.0
2022-10-27 04:00:00,0.0
2022-10-27 05:00:00,0.0
2022-10-27 06:00:00,1.3206614173250273
2022-10-27 07:00:00,31.554987500887364
2022-10-27 08:00:00,79.13381884811679
2022-10-27 09:00:00,120.079461811285
2022-10-27 10:00:00,148.85979609721107
2022-10-27 11:00:00,161.39094489393756
2022-10-27 12:00:00,146.13423938909546
2022-10-27 13:00:00,110.94009117915994
2022-10-27 14:00:00,68.4073521476239
2022-10-27 15:00:00,20.406773499562405
2022-10-27 16:00:00,0.5114300730056129
2022-10-27 17:00:00,0.0
2022-10-27 18:00:00,0.0
2022-10-27 19:00:00,0.0
2022-10-27 20:00:00,0.0
2022-10-27 21:00:00,0.0
2022-10-27 22:00:00,0.0
2022-10-27 23:00:00,0.0
2022-10-28 00:00:00,0.0
2022-10-28 01:00:00,0.0
2022-10-28 02:00:00,0.0
2022-10-28 03:00:00,0.0
2022-10-28 04:00:00,0.0
2022-10-28 05:00:00,0.0
2022-10-28 06:00:00,3.874774199037347
2022-10-28 07:00:00,17.56770018831594
2022-10-28 08:00:00,49.82919866981683
2022-10-28 09:00:00,149.07928370166337
2022-10-28 10:00:00,179.02567809965694
2022-10-28 11:00:00,76.53190824226476
2022-10-28 12:00:00,91.5902360410546
2022-10-28 13:00:00,120.50301685056183
2022-10-28 14:00:00,49.524570704088546
2022-10-28 15:00:00,25.792352007643785
2022-10-28 16:00:00,1.55821914516855
2022-10-28 17:00:00,0.0
2022-10-28 18:00:00,0.0
2022-10-28 19:00:00,0.0
2022-10-28 20:00:00,0.0
2022-10-28 21:00:00,0.0
2022-10-28 22:00:00,0.0
2022-10-28 23:00:00,0.0
2022-10-29 00:00:00,0.0
2022-10-29 01:00:00,0.0
2022-10-29 02:00:00,0.0
2022-10-29 03:00:00,0.0
2022-10-29 04:00:00,0.0
2022-10-29 05:00:00,0.0
2022-10-29 06:00:00,5.734553188609425
2022-10-29 07:00:00,36.962238090403844
2022-10-29 08:00:00,75.396873658814
2022-10-29 09:00:00,111.30497803899925
2022-10-29 10:00:00,137.61741632572375
2022-10-29 11:00:00,149.08000334887765
2022-10-29 12:00:00,127.3639829463209
2022-10-29 13:00:00,82.8074088281137
2022-10-29 14:00:00,58.42732432176126
2022-10-29 15:00:00,20.809708829852752
2022-10-29 16:00:00,0.9345443787169643
2022-10-29 17:00:00,0.0
2022-10-29 18:00:00,0.0
2022-10-29 19:00:00,0.0
2022-10-29 20:00:00,0.0
2022-10-29 21:00:00,0.0
2022-10-29 22:00:00,0.0
2022-10-29 23:00:00,0.0
2022-10-30 00:00:00,0.0
2022-10-30 01:00:00,0.0
2022-10-30 02:00:00,0.0
2022-10-30 03:00:00,0.0
2022-10-30 04:00:00,0.0
2022-10-30 05:00:00,2.4216294781072065
2022-10-30 06:00:00,31.62353834346868
2022-10-30 07:00:00,69.84383249474922
2022-10-30 08:00:00,68.9688205398852
2022-10-30 09:00:00,136.23719512444222
2022-10-30 10:00:00,121.67320675414523
2022-10-30 11:00:00,87.40969123580726
2022-10-30 12:00:00,96.72361895727227
2022-10-30 13:00:00,61.67787339154165
2022-10-30 14:00:00,32.22556103899842
2022-10-30 15:00:00,1.2729943977319635
2022-10-30 16:00:00,0.0
2022-10-30 17:00:00,0.0
2022-10-30 18:00:00,0.0
2022-10-30 19:00:00,0.0
2022-10-30 20:00:00,0.0
2022-10-30 21:00:00,0.0
2022-10-30 22:00:00,0.0
2022-10-30 23:00:00,0.0
2022-10-31 00:00:00,0.0
2022-10-31 01:00:00,0.0
2022-10-31 02:00:00,0.0
2022-10-31 03:00:00,0.0
2022-10-31 04:00:00,0.0
2022-10-31 05:00:00,5.075648396566976
2022-10-31 06:00:00,33.777504708617926
2022-10-31 07:00:00,66.17503352067433
2022-10-31 08:00:00,61.61726966034621
2022-10-31 09:00:00,77.35931003850419
2022-10-31 10:00:00,99.06231275713071
2022-10-31 11:00:00,134.3124741477659
2022-10-31 12:00:00,103.48122769815382
2022-10-31 13:00:00,50.456496169033926
2022-10-31 14:00:00,22.93230682768626
2022-10-31 15:00:00,0.6676736842491664
2022-10-31 16:00:00,0.0
2022-10-31 17:00:00,0.0
2022-10-31 18:00:00,0.0
2022-10-31 19:00:00,0.0
2022-10-31 20:00:00,0.0
2022-10-31 21:00:00,0.0
2022-10-31 22:00:00,0.0
2022-10-31 23:00:00,0.0
2022-11-01 00:00:00,0.0
2022-11-01 01:00:00,0.0
2022-11-01 02:00:00,0.0
2022-11-01 03:00:00,0.0
2022-11-01 04:00:00,0.0
2022-11-01 05:00:00,0.3533333333325572
2022-11-01 06:00:00,15.56900489225518
2022-11-01 07:00:00,53.018093869439326
2022-11-01 08:00:00,50.956136439344846
2022-11-01 09:00:00,64.7108223241521
2022-11-01 10:00:00,73.59405505604809
2022-11-01 11:00:00,70.54578936839243
2022-11-01 12:00:00,72.8906380145927
2022-11-01 13:00:00,60.62012265250087
2022-11-01 14:00:00,21.618407566973474
2022-11-01 15:00:00,0.7230649350676686
2022-11-01 16:00:00,0.0
2022-11-01 17:00:00,0.0
2022-11-01 18:00:00,0.0
2022-11-01 19:00:00,0.0
2022-11-01 20:00:00,0.0
2022-11-01 21:00:00,0.0
2022-11-01 22:00:00,0.0
2022-11-01 23:00:00,0.0
2022-11-02 00:00:00,0.0
2022-11-02 01:00:00,0.0
2022-11-02 02:00:00,0.0
2022-11-02 03:00:00,0.0
2022-11-02 04:00:00,0.0
2022-11-02 05:00:00,0.0
2022-11-02 06:00:00,4.594348643382546
2022-11-02 07:00:00,10.205808515369426
2022-11-02 08:00:00,18.028877688222565
2022-11-02 09:00:00,33.46403299598023
2022-11-02 10:00:00,72.66806854051538
2022-11-02 11:00:00,83.48656281718286
2022-11-02 12:00:00,52.57360006106319
2022-11-02 13:00:00,52.43916796671692
2022-11-02 14:00:00,20.769572836637963
2022-11-02 15:00:00,0.5368780487915501
2022-11-02 16:00:00,0.0
2022-11-02 17:00:00,0.0
2022-11-02 18:00:00,0.0
2022-11-02 19:00:00,0.0
2022-11-02 20:00:00,0.0
2022-11-02 21:00:00,0.0
2022-11-02 22:00:00,0.0
2022-11-02 23:00:00,0.0
2022-11-03 00:00:00,0.0
2022-11-03 01:00:00,0.0
2022-11-03 02:00:00,0.0
2022-11-03 03:00:00,0.0
2022-11-03 04:00:00,0.0
2022-11-03 05:00:00,1.2390113399596883
2022-11-03 06:00:00,32.47795779060107
2022-11-03 07:00:00,52.11158597044414
2022-11-03 08:00:00,86.62347743578721
2022-11-03 09:00:00,121.5295801560278
2022-11-03 10:00:00,131.05448975483887
2022-11-03 11:00:00,77.5413254412706
2022-11-03 12:00:00,38.42925495462259
2022-11-03 13:00:00,33.532909740286414
2022-11-03 14:00:00,6.793025796243455
2022-11-03 15:00:00,0.1330909091047942
2022-11-03 16:00:00,0.0
2022-11-03 17:00:00,0.0
2022-11-03 18:00:00,0.0
2022-11-03 19:00:00,0.0
2022-11-03 20:00:00,0.0
2022-11-03 21:00:00,0.0
2022-11-03 22:00:00,0.0
2022-11-03 23:00:00,0.0
2022-11-04 00:00:00,0.0
2022-11-04 01:00:00,0.0
2022-11-04 02:00:00,0.0
2022-11-04 03:00:00,0.0
2022-11-04 04:00:00,0.0
2022-11-04 05:00:00,0.4606086956337094
2022-11-04 06:00:00,16.251773968688212
2022-11-04 07:00:00,49.1378804416745
2022-11-04 08:00:00,107.23177750379546
2022-11-04 09:00:00,89.63526325381827
2022-11-04 10:00:00,112.95519701624289
2022-11-04 11:00:00,83.67383947712369
2022-11-04 12:00:00,51.75879298435757
2022-11-04 13:00:00,15.14304772374453
2022-11-04 14:00:00,1.9903383363853207
2022-11-04 15:00:00,0.0
2022-11-04 16:00:00,0.0
2022-11-04 17:00:00,0.0
2022-11-04 18:00:00,0.0
2022-11-04 19:00:00,0.0
2022-11-04 20:00:00,0.0
2022-11-04 21:00:00,0.0
2022-11-04 22:00:00,0.0
2022-11-04 23:00:00,0.0
2022-11-05 00:00:00,0.0
2022-11-05 01:00:00,0.0
2022-11-05 02:00:00,0.0
2022-11-05 03:00:00,0.0
2022-11-05 04:00:00,0.0
2022-11-05 05:00:00,0.834337078675162
2022-11-05 06:00:00,9.946316808811389
2022-11-05 07:00:00,23.313941616972443
2022-11-05 08:00:00,20.969375978340395
2022-11-05 09:00:00,33.15620177175151
2022-11-05 10:00:00,37.578210482373834
2022-11-05 11:00:00,54.53761045541614
2022-11-05 12:00:00,82.41439915512456
2022-11-05 13:00:00,41.38679285667604
2022-11-05 14:00:00,13.63389730086783
2022-11-05 15:00:00,0.5657391304266639
2022-11-05 16:00:00,0.0
2022-11-05 17:00:00,0.0
2022-11-05 18:00:00,0.0
2022-11-05 19:00:00,0.0
2022-11-05 20:00:00,0.0
2022-11-05 21:00:00,0.0
2022-11-05 22:00:00,0.0
2022-11-05 23:00:00,0.0
2022-11-06 00:00:00,0.0
2022-11-06 01:00:00,0.0
2022-11-06 02:00:00,0.0
2022-11-06 03:00:00,0.0
2022-11-06 04:00:00,0.0
2022-11-06 05:00:00,2.2670556886005215
2022-11-06 06:00:00,19.77878088556463
2022-11-06 07:00:00,41.0721544342814
2022-11-06 08:00:00,120.73210212273989
2022-11-06 09:00:00,112.4853084491333
2022-11-06 10:00:00,172.91195706976578
2022-11-06 11:00:00,148.38816406327533
2022-11-06 12:00:00,107.4207423676853
2022-11-06 13:00:00,54.95449196640402
2022-11-06 14:00:00,14.853261442040093
2022-11-06 15:00:00,0.238638297887519
2022-11-06 16:00:00,0.0
2022-11-06 17:00:00,0.0
2022-11-06 18:00:00,0.0
2022-11-06 19:00:00,0.0
2022-11-06 20:00:00,0.0
2022-11-06 21:00:00,0.0
2022-11-06 22:00:00,0.0
2022-11-06 23:00:00,0.0
2022-11-07 00:00:00,0.0
2022-11-07 01:00:00,0.0
2022-11-07 02:00:00,0.0
2022-11-07 03:00:00,0.0
2022-11-07 04:00:00,0.0
2022-11-07 05:00:00,2.1127082823659293
2022-11-07 06:00:00,10.439179457724094
2022-11-07 07:00:00,15.460235523001757
2022-11-07 08:00:00,83.31465442280751
2022-11-07 09:00:00,135.07895570539404
2022-11-07 10:00:00,138.54775450006127
2022-11-07 11:00:00,125.48831589665497
2022-11-07 12:00:00,96.0533327817684
2022-11-07 13:00:00,55.62623157899361
2022-11-07 14:00:00,21.04843101458391
2022-11-07 15:00:00,0.5117534246528521
2022-11-07 16:00:00,0.0
2022-11-07 17:00:00,0.0
2022-11-07 18:00:00,0.0
2022-11-07 19:00:00,0.0
2022-11-07 20:00:00,0.0
2022-11-07 21:00:00,0.0
2022-11-07 22:00:00,0.0
2022-11-07 23:00:00,0.0
2022-11-08 00:00:00,0.0
2022-11-08 01:00:00,0.0
2022-11-08 02:00:00,0.0
2022-11-08 03:00:00,0.0
2022-11-08 04:00:00,0.0
2022-11-08 05:00:00,0.4987575757550075
2022-11-08 06:00:00,16.76291613705689
2022-11-08 07:00:00,40.16436472925125
2022-11-08 08:00:00,66.57822848140495
2022-11-08 09:00:00,140.45922252675518
2022-11-08 10:00:00,136.94184225512436
2022-11-08 11:00:00,103.44396204373334
2022-11-08 12:00:00,85.51345396094258
2022-11-08 13:00:00,46.52909507032018
2022-11-08 14:00:00,17.23688788432628
2022-11-08 15:00:00,0.359809523797594
2022-11-08 16:00:00,0.0
2022-11-08 17:00:00,0.0
2022-11-08 18:00:00,0.0
2022-11-08 19:00:00,0.0
2022-11-08 20:00:00,0.0
2022-11-08 21:00:00,0.0
2022-11-08 22:00:00,0.0
2022-11-08 23:00:00,0.0
2022-11-09 00:00:00,0.0
2022-11-09 01:00:00,0.0
2022-11-09 02:00:00,0.0
2022-11-09 03:00:00,0.0
2022-11-09 04:00:00,0.0
2022-11-09 05:00:00,0.0585714285844005
2022-11-09 06:00:00,4.596640895179007
2022-11-09 07:00:00,18.150384348118678
2022-11-09 08:00:00,40.901439821347594
2022-11-09 09:00:00,31.09250975883333
2022-11-09 10:00:00,50.18861235422082
2022-11-09 11:00:00,44.44449536706088
2022-11-09 12:00:00,21.785291507141665
2022-11-09 13:00:00,14.273434917500708
2022-11-09 14:00:00,2.863550347625278
2022-11-09 15:00:00,0.0
2022-11-09 16:00:00,0.0
2022-11-09 17:00:00,0.0
2022-11-09 18:00:00,0.0
2022-11-09 19:00:00,0.0
2022-11-09 20:00:00,0.0
2022-11-09 21:00:00,0.0
2022-11-09 22:00:00,0.0
2022-11-09 23:00:00,0.0
2022-11-10 00:00:00,0.0
2022-11-10 01:00:00,0.0
2022-11-10 02:00:00,0.0
2022-11-10 03:00:00,0.0
2022-11-10 04:00:00,0.0
2022-11-10 05:00:00,0.0066666666534729
2022-11-10 06:00:00,22.858133181696758
2022-11-10 07:00:00,35.379592926066834
2022-11-10 08:00:00,71.87096558191115
2022-11-10 09:00:00,123.2081064391532
2022-11-10 10:00:00,136.56320195412263
2022-11-10 11:00:00,120.62553233996732
2022-11-10 12:00:00,90.93861395510612
2022-11-10 13:00:00,49.20764640625566
2022-11-10 14:00:00,15.203862188500352
2022-11-10 15:00:00,0.2868210526066832
2022-11-10 16:00:00,0.0
2022-11-10 17:00:00,0.0
2022-11-10 18:00:00,0.0
2022-11-10 19:00:00,0.0
2022-11-10 20:00:00,0.0
2022-11-10 21:00:00,0.0
2022-11-10 22:00:00,0.0
2022-11-10 23:00:00,0.0
2022-11-11 00:00:00,0.0
2022-11-11 01:00:00,0.0
2022-11-11 02:00:00,0.0
2022-11-11 03:00:00,0.0
2022-11-11 04:00:00,0.0
2022-11-11 05:00:00,0.5846241134568118
2022-11-11 06:00:00,15.983886094996706
2022-11-11 07:00:00,24.462186991237104
2022-11-11 08:00:00,79.68870776542462
2022-11-11 09:00:00,137.22514018788934
2022-11-11 10:00:00,139.26344327325933
2022-11-11 11:00:00,107.33597716141958
2022-11-11 12:00:00,72.92436677456135
2022-11-11 13:00:00,39.236788668320514
2022-11-11 14:00:00,11.685803144355305
2022-11-11 15:00:00,0.0
2022-11-11 16:00:00,0.0
2022-11-11 17:00:00,0.0
2022-11-11 18:00:00,0.0
2022-11-11 19:00:00,0.0
2022-11-11 20:00:00,0.0
2022-11-11 21:00:00,0.0
2022-11-11 22:00:00,0.0
2022-11-11 23:00:00,0.0
2022-11-12 00:00:00,0.0
2022-11-12 01:00:00,0.0
2022-11-12 02:00:00,0.0
2022-11-12 03:00:00,0.0
2022-11-12 04:00:00,0.0
2022-11-12 05:00:00,0.0
2022-11-12 06:00:00,9.305586575355846
2022-11-12 07:00:00,27.071664182003587
2022-11-12 08:00:00,54.70760876277927
2022-11-12 09:00:00,64.58003673498752
2022-11-12 10:00:00,61.08526556374272
2022-11-12 11:00:00,62.88543045078404
2022-11-12 12:00:00,66.23389914480504
2022-11-12 13:00:00,37.19329724286217
2022-11-12 14:00:00,9.720331116055606
2022-11-12 15:00:00,0.0
2022-11-12 16:00:00,0.0
2022-11-12 17:00:00,0.0
2022-11-12 18:00:00,0.0
2022-11-12 19:00:00,0.0
2022-11-12 20:00:00,0.0
2022-11-12 21:00:00,0.0
2022-11-12 22:00:00,0.0
2022-11-12 23:00:00,0.0
2022-11-13 00:00:00,0.0
2022-11-13 01:00:00,0.0
2022-11-13 02:00:00,0.0
2022-11-13 03:00:00,0.0
2022-11-13 04:00:00,0.0
2022-11-13 05:00:00,0.0
2022-11-13 06:00:00,2.45586736331461
2022-11-13 07:00:00,11.651689576043282
2022-11-13 08:00:00,23.04976310924394
2022-11-13 09:00:00,35.34839160728734
2022-11-13 10:00:00,37.218305056216195
2022-11-13 11:00:00,29.737399477977306
2022-11-13 12:00:00,26.84227364533581
2022-11-13 13:00:00,12.937429309356958
2022-11-13 14:00:00,3.3272242930252105
2022-11-13 15:00:00,0.0
2022-11-13 16:00:00,0.0
2022-11-13 17:00:00,0.0
2022-11-13 18:00:00,0.0
2022-11-13 19:00:00,0.0
2022-11-13 20:00:00,0.0
2022-11-13 21:00:00,0.0
2022-11-13 22:00:00,0.0
2022-11-13 23:00:00,0.0
2022-11-14 00:00:00,0.0
2022-11-14 01:00:00,0.0
2022-11-14 02:00:00,0.0
2022-11-14 03:00:00,0.0
2022-11-14 04:00:00,0.0
2022-11-14 05:00:00,0.0
2022-11-14 06:00:00,0.0
2022-11-14 07:00:00,4.175152103067376
2022-11-14 08:00:00,10.822927173168864
2022-11-14 09:00:00,40.861508853326086
2022-11-14 10:00:00,38.33384578558616
2022-11-14 11:00:00,40.67553000256885
2022-11-14 12:00:00,17.589121764234733
2022-11-14 13:00:00,9.483394745504484
2022-11-14 14:00:00,2.3633349970332347
2022-11-14 15:00:00,0.0
2022-11-14 16:00:00,0.0
2022-11-14 17:00:00,0.0
2022-11-14 18:00:00,0.0
2022-11-14 19:00:00,0.0
2022-11-14 20:00:00,0.0
2022-11-14 21:00:00,0.0
2022-11-14 22:00:00,0.0
2022-11-14 23:00:00,0.0
2022-11-15 00:00:00,0.0
2022-11-15 01:00:00,0.0
2022-11-15 02:00:00,0.0
2022-11-15 03:00:00,0.0
2022-11-15 04:00:00,0.0
2022-11-15 05:00:00,0.7352702702628447
2022-11-15 06:00:00,15.414643727184739
2022-11-15 07:00:00,42.69792245805729
2022-11-15 08:00:00,61.20587293175049
2022-11-15 09:00:00,56.842366450000554
2022-11-15 10:00:00,59.29697237088112
2022-11-15 11:00:00,69.2755232899799
2022-11-15 12:00:00,39.78332493524067
2022-11-15 13:00:00,24.890393404872157
2022-11-15 14:00:00,6.085691180080175
2022-11-15 15:00:00,0.0
2022-11-15 16:00:00,0.0
2022-11-15 17:00:00,0.0
2022-11-15 18:00:00,0.0
2022-11-15 19:00:00,0.0
2022-11-15 20:00:00,0.0
2022-11-15 21:00:00,0.0
2022-11-15 22:00:00,0.0
2022-11-15 23:00:00,0.0
2022-11-16 00:00:00,0.0
2022-11-16 01:00:00,0.0
2022-11-16 02:00:00,0.0
2022-11-16 03:00:00,0.0
2022-11-16 04:00:00,0.0
2022-11-16 05:00:00,0.4098181818262674
2022-11-16 06:00:00,5.733757544134278
2022-11-16 07:00:00,32.0614180250559
2022-11-16 08:00:00,17.554736527090427
2022-11-16 09:00:00,108.38139341457281
2022-11-16 10:00:00,132.48928051098483
2022-11-16 11:00:00,111.88435475237202
2022-11-16 12:00:00,63.984711706638336
2022-11-16 13:00:00,33.75014458532678
2022-11-16 14:00:00,6.811045189911965
2022-11-16 15:00:00,0.0
2022-11-16 16:00:00,0.0
2022-11-16 17:00:00,0.0
2022-11-16 18:00:00,0.0
2022-11-16 19:00:00,0.0
2022-11-16 20:00:00,0.0
2022-11-16 21:00:00,0.0
2022-11-16 22:00:00,0.0
2022-11-16 23:00:00,0.0
2022-11-17 00:00:00,0.0
2022-11-17 01:00:00,0.0
2022-11-17 02:00:00,0.0
2022-11-17 03:00:00,0.0
2022-11-17 04:00:00,0.0
2022-11-17 05:00:00,0.0
2022-11-17 06:00:00,4.934459835232701
2022-11-17 07:00:00,25.06244341353886
2022-11-17 08:00:00,60.28381407161942
2022-11-17 09:00:00,76.43127828818979
2022-11-17 10:00:00,145.03808751760516
2022-11-17 11:00:00,121.27664294629358
2022-11-17 12:00:00,51.262077804189175
2022-11-17 13:00:00,32.874080444918945
2022-11-17 14:00:00,9.910132143471856
2022-11-17 15:00:00,0.0
2022-11-17 16:00:00,0.0
2022-11-17 17:00:00,0.0
2022-11-17 18:00:00,0.0
2022-11-17 19:00:00,0.0
2022-11-17 20:00:00,0.0
2022-11-17 21:00:00,0.0
2022-11-17 22:00:00,0.0
2022-11-17 23:00:00,0.0
2022-11-18 00:00:00,0.0
2022-11-18 01:00:00,0.0
2022-11-18 02:00:00,0.0
2022-11-18 03:00:00,0.0
2022-11-18 04:00:00,0.0
2022-11-18 05:00:00,0.0
2022-11-18 06:00:00,10.714374277624303
2022-11-18 07:00:00,10.121885455562733
2022-11-18 08:00:00,30.292011532757897
2022-11-18 09:00:00,22.108508208591957
2022-11-18 10:00:00,30.674376109731384
2022-11-18 11:00:00,41.83610072976444
2022-11-18 12:00:00,30.69434553355677
2022-11-18 13:00:00,30.844995281950105
2022-11-18 14:00:00,13.018989813164808
2022-11-18 15:00:00,0.0
2022-11-18 16:00:00,0.0
2022-11-18 17:00:00,0.0
2022-11-18 18:00:00,0.0
2022-11-18 19:00:00,0.0
2022-11-18 20:00:00,0.0
2022-11-18 21:00:00,0.0
2022-11-18 22:00:00,0.0
2022-11-18 23:00:00,0.0
2022-11-19 00:00:00,0.0
2022-11-19 01:00:00,0.0
2022-11-19 02:00:00,0.0
2022-11-19 03:00:00,0.0
2022-11-19 04:00:00,0.0
2022-11-19 05:00:00,0.0497142857057042
2022-11-19 06:00:00,5.592536050942726
2022-11-19 07:00:00,29.052058420784306
2022-11-19 08:00:00,61.432092664937954
2022-11-19 09:00:00,56.35118714038981
2022-11-19 10:00:00,140.7371237409534
2022-11-19 11:00:00,97.38581552711548
2022-11-19 12:00:00,41.434773787506856
2022-11-19 13:00:00,22.187044161371887
2022-11-19 14:00:00,4.328643781656865
2022-11-19 15:00:00,0.0
2022-11-19 16:00:00,0.0
2022-11-19 17:00:00,0.0
2022-11-19 18:00:00,0.0
2022-11-19 19:00:00,0.0
2022-11-19 20:00:00,0.0
2022-11-19 21:00:00,0.0
2022-11-19 22:00:00,0.0
2022-11-19 23:00:00,0.0
2022-11-20 00:00:00,0.0
2022-11-20 01:00:00,0.0
2022-11-20 02:00:00,0.0
2022-11-20 03:00:00,0.0
2022-11-20 04:00:00,0.0
2022-11-20 05:00:00,0.0
2022-11-20 06:00:00,4.047171173093375
2022-11-20 07:00:00,28.421411186398473
2022-11-20 08:00:00,43.00347652035998
2022-11-20 09:00:00,70.1582026835531
2022-11-20 10:00:00,67.56763800355839
2022-11-20 11:00:00,88.72590864868835
2022-11-20 12:00:00,68.23298355087172
2022-11-20 13:00:00,28.471742467489094
2022-11-20 14:00:00,8.710195029270835
2022-11-20 15:00:00,0.0
2022-11-20 16:00:00,0.0
2022-11-20 17:00:00,0.0
2022-11-20 18:00:00,0.0
2022-11-20 19:00:00,0.0
2022-11-20 20:00:00,0.0
2022-11-20 21:00:00,0.0
2022-11-20 22:00:00,0.0
2022-11-20 23:00:00,0.0
2022-11-21 00:00:00,0.0
2022-11-21 01:00:00,0.0
2022-11-21 02:00:00,0.0
2022-11-21 03:00:00,0.0
2022-11-21 04:00:00,0.0
2022-11-21 05:00:00,0.0
2022-11-21 06:00:00,6.40452329616528
2022-11-21 07:00:00,19.589473599917255
2022-11-21 08:00:00,51.23397965868935
2022-11-21 09:00:00,106.20874928304693
2022-11-21 10:00:00,107.90575399930822
2022-11-21 11:00:00,89.18177699687658
2022-11-21 12:00:00,45.40784551156685
2022-11-21 13:00:00,29.54079947032733
2022-11-21 14:00:00,5.439772560494021
2022-11-21 15:00:00,0.0
2022-11-21 16:00:00,0.0
2022-11-21 17:00:00,0.0
2022-11-21 18:00:00,0.0
2022-11-21 19:00:00,0.0
2022-11-21 20:00:00,0.0
2022-11-21 21:00:00,0.0
2022-11-21 22:00:00,0.0
2022-11-21 23:00:00,0.0
2022-11-22 00:00:00,0.0
2022-11-22 01:00:00,0.0
2022-11-22 02:00:00,0.0
2022-11-22 03:00:00,0.0
2022-11-22 04:00:00,0.0
2022-11-22 05:00:00,0.0
2022-11-22 06:00:00,1.4463861003750935
2022-11-22 07:00:00,17.65134701045463
2022-11-22 08:00:00,48.85371376876719
2022-11-22 09:00:00,69.91020217409823
2022-11-22 10:00:00,78.1033688778989
2022-11-22 11:00:00,47.73218489467399
2022-11-22 12:00:00,59.42082859470975
2022-11-22 13:00:00,27.342487237707246
2022-11-22 14:00:00,3.4053879687562585
2022-11-22 15:00:00,0.0
2022-11-22 16:00:00,0.0
2022-11-22 17:00:00,0.0
2022-11-22 18:00:00,0.0
2022-11-22 19:00:00,0.0
2022-11-22 20:00:00,0.0
2022-11-22 21:00:00,0.0
2022-11-22 22:00:00,0.0
2022-11-22 23:00:00,0.0
2022-11-23 00:00:00,0.0
2022-11-23 01:00:00,0.0
2022-11-23 02:00:00,0.0
2022-11-23 03:00:00,0.0
2022-11-23 04:00:00,0.0
2022-11-23 05:00:00,0.0
2022-11-23 06:00:00,3.4616219305898994
2022-11-23 07:00:00,8.324942750798073
2022-11-23 08:00:00,19.93791735044215
2022-11-23 09:00:00,108.80296519486001
2022-11-23 10:00:00,117.64621413039276
2022-11-23 11:00:00,102.68671156122582
2022-11-23 12:00:00,87.68187335593393
2022-11-23 13:00:00,22.371963179379236
2022-11-23 14:00:00,6.6515426115947776
2022-11-23 15:00:00,0.0
2022-11-23 16:00:00,0.0
2022-11-23 17:00:00,0.0
2022-11-23 18:00:00,0.0
2022-11-23 19:00:00,0.0
2022-11-23 20:00:00,0.0
2022-11-23 21:00:00,0.0
2022-11-23 22:00:00,0.0
2022-11-23 23:00:00,0.0
2022-11-24 00:00:00,0.0
2022-11-24 01:00:00,0.0
2022-11-24 02:00:00,0.0
2022-11-24 03:00:00,0.0
2022-11-24 04:00:00,0.0
2022-11-24 05:00:00,0.0
2022-11-24 06:00:00,8.626851536275353
2022-11-24 07:00:00,29.3444228899898
2022-11-24 08:00:00,22.183903072902467
2022-11-24 09:00:00,45.140680284646805
2022-11-24 10:00:00,65.2432628092356
2022-11-24 11:00:00,90.94787377916509
2022-11-24 12:00:00,59.16667988948757
2022-11-24 13:00:00,34.927075152809266
2022-11-24 14:00:00,5.915995581832249
2022-11-24 15:00:00,0.0
2022-11-24 16:00:00,0.0
2022-11-24 17:00:00,0.0
2022-11-24 18:00:00,0.0
2022-11-24 19:00:00,0.0
2022-11-24 20:00:00,0.0
2022-11-24 21:00:00,0.0
2022-11-24 22:00:00,0.0
2022-11-24 23:00:00,0.0
2022-11-25 00:00:00,0.0
2022-11-25 01:00:00,0.0
2022-11-25 02:00:00,0.0
2022-11-25 03:00:00,0.0
2022-11-25 04:00:00,0.0
2022-11-25 05:00:00,0.0
2022-11-25 06:00:00,6.6138874659664
2022-11-25 07:00:00,21.60915522451978
2022-11-25 08:00:00,34.61898353078868
2022-11-25 09:00:00,63.716230990656186
2022-11-25 10:00:00,107.64789644570556
2022-11-25 11:00:00,36.21481123275589
2022-11-25 12:00:00,19.98864849266829
2022-11-25 13:00:00,6.600749663077295
2022-11-25 14:00:00,0.0
2022-11-25 15:00:00,0.0
2022-11-25 16:00:00,0.0
2022-11-25 17:00:00,0.0
2022-11-25 18:00:00,0.0
2022-11-25 19:00:00,0.0
2022-11-25 20:00:00,0.0
2022-11-25 21:00:00,0.0
2022-11-25 22:00:00,0.0
2022-11-25 23:00:00,0.0
2022-11-26 00:00:00,0.0
2022-11-26 01:00:00,0.0
2022-11-26 02:00:00,0.0
2022-11-26 03:00:00,0.0
2022-11-26 04:00:00,0.0
2022-11-26 05:00:00,0.0
2022-11-26 06:00:00,3.4541175765916705
2022-11-26 07:00:00,10.203843664494343
2022-11-26 08:00:00,17.35053088143468
2022-11-26 09:00:00,83.88939857145306
2022-11-26 10:00:00,106.71337030013092
2022-11-26 11:00:00,94.8033990948461
2022-11-26 12:00:00,65.25942175765522
2022-11-26 13:00:00,33.49144374887692
2022-11-26 14:00:00,3.9651966363890097
2022-11-26 15:00:00,0.0
2022-11-26 16:00:00,0.0
2022-11-26 17:00:00,0.0
2022-11-26 18:00:00,0.0
2022-11-26 19:00:00,0.0
2022-11-26 20:00:00,0.0
2022-11-26 21:00:00,0.0
2022-11-26 22:00:00,0.0
2022-11-26 23:00:00,0.0
2022-11-27 00:00:00,0.0
2022-11-27 01:00:00,0.0
2022-11-27 02:00:00,0.0
2022-11-27 03:00:00,0.0
2022-11-27 04:00:00,0.0
2022-11-27 05:00:00,0.0
2022-11-27 06:00:00,7.337873123178725
2022-11-27 07:00:00,32.7275826272089
2022-11-27 08:00:00,21.989703394647222
2022-11-27 09:00:00,81.02096511167474
2022-11-27 10:00:00,116.28658398025436
2022-11-27 11:00:00,101.71137796988478
2022-11-27 12:00:00,61.714728952385485
2022-11-27 13:00:00,18.631611975783017
2022-11-27 14:00:00,4.041131582809612
2022-11-27 15:00:00,0.0
2022-11-27 16:00:00,0.0
2022-11-27 17:00:00,0.0
2022-11-27 18:00:00,0.0
2022-11-27 19:00:00,0.0
2022-11-27 20:00:00,0.0
2022-11-27 21:00:00,0.0
2022-11-27 22:00:00,0.0
2022-11-27 23:00:00,0.0
2022-11-28 00:00:00,0.0
2022-11-28 01:00:00,0.0
2022-11-28 02:00:00,0.0
2022-11-28 03:00:00,0.0
2022-11-28 04:00:00,0.0
2022-11-28 05:00:00,0.0
2022-11-28 06:00:00,6.0557461197604425
2022-11-28 07:00:00,23.04855732608121
2022-11-28 08:00:00,30.637418077443726
2022-11-28 09:00:00,57.34237079817103
2022-11-28 10:00:00,70.15369520516833
2022-11-28 11:00:00,48.499139759282116
2022-11-28 12:00:00,34.50447705521947
2022-11-28 13:00:00,19.41677584440913
2022-11-28 14:00:00,3.2914024242199957
2022-11-28 15:00:00,0.0
2022-11-28 16:00:00,0.0
2022-11-28 17:00:00,0.0
2022-11-28 18:00:00,0.0
2022-11-28 19:00:00,0.0
2022-11-28 20:00:00,0.0
2022-11-28 21:00:00,0.0
2022-11-28 22:00:00,0.0
2022-11-28 23:00:00,0.0
2022-11-29 00:00:00,0.0
2022-11-29 01:00:00,0.0
2022-11-29 02:00:00,0.0
2022-11-29 03:00:00,0.0
2022-11-29 04:00:00,0.0
2022-11-29 05:00:00,0.0
2022-11-29 06:00:00,1.2784658869495615
2022-11-29 07:00:00,13.53618155629374
2022-11-29 08:00:00,29.44171430892311
2022-11-29 09:00:00,45.583387111721095
2022-11-29 10:00:00,60.50741521845339
2022-11-29 11:00:00,59.32577208534349
2022-11-29 12:00:00,40.10667191381799
2022-11-29 13:00:00,22.01092156051891
2022-11-29 14:00:00,3.5206962759257294
2022-11-29 15:00:00,0.0
2022-11-29 16:00:00,0.0
2022-11-29 17:00:00,0.0
2022-11-29 18:00:00,0.0
2022-11-29 19:00:00,0.0
2022-11-29 20:00:00,0.0
2022-11-29 21:00:00,0.0
2022-11-29 22:00:00,0.0
2022-11-29 23:00:00,0.0
2022-11-30 00:00:00,0.0
2022-11-30 01:00:00,0.0
2022-11-30 02:00:00,0.0
2022-11-30 03:00:00,0.0
2022-11-30 04:00:00,0.0
2022-11-30 05:00:00,0.0
2022-11-30 06:00:00,0.0
2022-11-30 07:00:00,2.875215784937609
2022-11-30 08:00:00,5.095246869896073
2022-11-30 09:00:00,7.2518041714211
2022-11-30 10:00:00,12.268579670286272
2022-11-30 11:00:00,9.654090564930812
2022-11-30 12:00:00,3.909767536795698
2022-11-30 13:00:00,1.8402916949708015
2022-11-30 14:00:00,0.250037784455344
2022-11-30 15:00:00,0.0
2022-11-30 16:00:00,0.0
2022-11-30 17:00:00,0.0
2022-11-30 18:00:00,0.0
2022-11-30 19:00:00,0.0
2022-11-30 20:00:00,0.0
2022-11-30 21:00:00,0.0
2022-11-30 22:00:00,0.0
2022-11-30 23:00:00,0.0
2022-12-01 00:00:00,0.0
2022-12-01 01:00:00,0.0
2022-12-01 02:00:00,0.0
2022-12-01 03:00:00,0.0
2022-12-01 04:00:00,0.0
2022-12-01 05:00:00,0.0
2022-12-01 06:00:00,0.0
2022-12-01 07:00:00,1.7641903050243855
2022-12-01 08:00:00,5.580462032405194
2022-12-01 09:00:00,6.703690926427953
2022-12-01 10:00:00,5.962456556560937
2022-12-01 11:00:00,5.303618136444129
2022-12-01 12:00:00,5.74021792714484
2022-12-01 13:00:00,2.5592690209159628
2022-12-01 14:00:00,0.0
2022-12-01 15:00:00,0.0
2022-12-01 16:00:00,0.0
2022-12-01 17:00:00,0.0
2022-12-01 18:00:00,0.0
2022-12-01 19:00:00,0.0
2022-12-01 20:00:00,0.0
2022-12-01 21:00:00,0.0
2022-12-01 22:00:00,0.0
2022-12-01 23:00:00,0.0
2022-12-02 00:00:00,0.0
2022-12-02 01:00:00,0.0
2022-12-02 02:00:00,0.0
2022-12-02 03:00:00,0.0
2022-12-02 04:00:00,0.0
2022-12-02 05:00:00,0.0
2022-12-02 06:00:00,0.4343030303134583
2022-12-02 07:00:00,10.724039840977639
2022-12-02 08:00:00,24.493667673203163
2022-12-02 09:00:00,31.680196298169903
2022-12-02 10:00:00,40.49198064929806
2022-12-02 11:00:00,66.85241389961448
2022-12-02 12:00:00,80.50450847198954
2022-12-02 13:00:00,30.88024444039911
2022-12-02 14:00:00,3.803544915514067
2022-12-02 15:00:00,0.0
2022-12-02 16:00:00,0.0
2022-12-02 17:00:00,0.0
2022-12-02 18:00:00,0.0
2022-12-02 19:00:00,0.0
2022-12-02 20:00:00,0.0
2022-12-02 21:00:00,0.0
2022-12-02 22:00:00,0.0
2022-12-02 23:00:00,0.0
2022-12-03 00:00:00,0.0
2022-12-03 01:00:00,0.0
2022-12-03 02:00:00,0.0
2022-12-03 03:00:00,0.0
2022-12-03 04:00:00,0.0
2022-12-03 05:00:00,0.0
2022-12-03 06:00:00,0.6003027118276805
2022-12-03 07:00:00,10.971248876361642
2022-12-03 08:00:00,15.477340099343564
2022-12-03 09:00:00,14.652930582407862
2022-12-03 10:00:00,12.463994137651753
2022-12-03 11:00:00,9.770721893524751
2022-12-03 12:00:00,14.100867974571884
2022-12-03 13:00:00,10.28240062657278
2022-12-03 14:00:00,1.4393566433573142
2022-12-03 15:00:00,0.0
2022-12-03 16:00:00,0.0
2022-12-03 17:00:00,0.0
2022-12-03 18:00:00,0.0
2022-12-03 19:00:00,0.0
2022-12-03 20:00:00,0.0
2022-12-03 21:00:00,0.0
2022-12-03 22:00:00,0.0
2022-12-03 23:00:00,0.0
2022-12-04 00:00:00,0.0
2022-12-04 01:00:00,0.0
2022-12-04 02:00:00,0.0
2022-12-04 03:00:00,0.0
2022-12-04 04:00:00,0.0
2022-12-04 05:00:00,0.0
2022-12-04 06:00:00,0.0
2022-12-04 07:00:00,0.9937968396698122
2022-12-04 08:00:00,5.726939014333766
2022-12-04 09:00:00,22.358418167277705
2022-12-04 10:00:00,33.210945485683624
2022-12-04 11:00:00,37.59263348771492
2022-12-04 12:00:00,17.96435146848671
2022-12-04 13:00:00,17.23931901162723
2022-12-04 14:00:00,2.782459001755342
2022-12-04 15:00:00,0.0
2022-12-04 16:00:00,0.0
2022-12-04 17:00:00,0.0
2022-12-04 18:00:00,0.0
2022-12-04 19:00:00,0.0
2022-12-04 20:00:00,0.0
2022-12-04 21:00:00,0.0
2022-12-04 22:00:00,0.0
2022-12-04 23:00:00,0.0
2022-12-05 00:00:00,0.0
2022-12-05 01:00:00,0.0
2022-12-05 02:00:00,0.0
2022-12-05 03:00:00,0.0
2022-12-05 04:00:00,0.0
2022-12-05 05:00:00,0.0
2022-12-05 06:00:00,0.1829010989167727
2022-12-05 07:00:00,2.2916038494440727
2022-12-05 08:00:00,6.211584610689897
2022-12-05 09:00:00,15.69137664878508
2022-12-05 10:00:00,38.12404200329911
2022-12-05 11:00:00,59.47756076970836
2022-12-05 12:00:00,44.64789709507022
2022-12-05 13:00:00,18.57692671136465
2022-12-05 14:00:00,1.6741410352406092
2022-12-05 15:00:00,0.0
2022-12-05 16:00:00,0.0
2022-12-05 17:00:00,0.0
2022-12-05 18:00:00,0.0
2022-12-05 19:00:00,0.0
2022-12-05 20:00:00,0.0
2022-12-05 21:00:00,0.0
2022-12-05 22:00:00,0.0
2022-12-05 23:00:00,0.0
2022-12-06 00:00:00,0.0
2022-12-06 01:00:00,0.0
2022-12-06 02:00:00,0.0
2022-12-06 03:00:00,0.0
2022-12-06 04:00:00,0.0
2022-12-06 05:00:00,0.0
2022-12-06 06:00:00,1.2852915667463094
2022-12-06 07:00:00,5.790958032303024
2022-12-06 08:00:00,8.323318013455719
2022-12-06 09:00:00,22.91302866191836
2022-12-06 10:00:00,94.47707903687842
2022-12-06 11:00:00,87.97318841319066
2022-12-06 12:00:00,63.131614357815124
2022-12-06 13:00:00,19.90913505270146
2022-12-06 14:00:00,2.3725898576085456
2022-12-06 15:00:00,0.0
2022-12-06 16:00:00,0.0
2022-12-06 17:00:00,0.0
2022-12-06 18:00:00,0.0
2022-12-06 19:00:00,0.0
2022-12-06 20:00:00,0.0
2022-12-06 21:00:00,0.0
2022-12-06 22:00:00,0.0
2022-12-06 23:00:00,0.0
2022-12-07 00:00:00,0.0
2022-12-07 01:00:00,0.0
2022-12-07 02:00:00,0.0
2022-12-07 03:00:00,0.0
2022-12-07 04:00:00,0.0
2022-12-07 05:00:00,0.0
2022-12-07 06:00:00,0.0
2022-12-07 07:00:00,2.191617355507333
2022-12-07 08:00:00,11.254105648084078
2022-12-07 09:00:00,25.398916433972772
2022-12-07 10:00:00,21.651085526682436
2022-12-07 11:00:00,30.57373582723085
2022-12-07 12:00:00,19.3615426113829
2022-12-07 13:00:00,6.277455426752567
2022-12-07 14:00:00,0.1744000000180676
2022-12-07 15:00:00,0.0
2022-12-07 16:00:00,0.0
2022-12-07 17:00:00,0.0
2022-12-07 18:00:00,0.0
2022-12-07 19:00:00,0.0
2022-12-07 20:00:00,0.0
2022-12-07 21:00:00,0.0
2022-12-07 22:00:00,0.0
2022-12-07 23:00:00,0.0
2022-12-08 00:00:00,0.0
2022-12-08 01:00:00,0.0
2022-12-08 02:00:00,0.0
2022-12-08 03:00:00,0.0
2022-12-08 04:00:00,0.0
2022-12-08 05:00:00,0.0
2022-12-08 06:00:00,1.0324191559921019
2022-12-08 07:00:00,16.23557393666124
2022-12-08 08:00:00,36.19656604214106
2022-12-08 09:00:00,44.47116700949846
2022-12-08 10:00:00,87.56344009784516
2022-12-08 11:00:00,87.28324560442707
2022-12-08 12:00:00,61.87153689499246
2022-12-08 13:00:00,19.932686972257216
2022-12-08 14:00:00,3.387192140275147
2022-12-08 15:00:00,0.0
2022-12-08 16:00:00,0.0
2022-12-08 17:00:00,0.0
2022-12-08 18:00:00,0.0
2022-12-08 19:00:00,0.0
2022-12-08 20:00:00,0.0
2022-12-08 21:00:00,0.0
2022-12-08 22:00:00,0.0
2022-12-08 23:00:00,0.0
2022-12-09 00:00:00,0.0
2022-12-09 01:00:00,0.0
2022-12-09 02:00:00,0.0
2022-12-09 03:00:00,0.0
2022-12-09 04:00:00,0.0
2022-12-09 05:00:00,0.0
2022-12-09 06:00:00,0.0
2022-12-09 07:00:00,0.5619874213589355
2022-12-09 08:00:00,6.565527669037692
2022-12-09 09:00:00,11.90622285270365
2022-12-09 10:00:00,17.066122187592555
2022-12-09 11:00:00,18.699539369379636
2022-12-09 12:00:00,12.153889800945763
2022-12-09 13:00:00,8.02746639115503
2022-12-09 14:00:00,0.368218749994412
2022-12-09 15:00:00,0.0
2022-12-09 16:00:00,0.0
2022-12-09 17:00:00,0.0
2022-12-09 18:00:00,0.0
2022-12-09 19:00:00,0.0
2022-12-09 20:00:00,0.0
2022-12-09 21:00:00,0.0
2022-12-09 22:00:00,0.0
2022-12-09 23:00:00,0.0
2022-12-10 00:00:00,0.0
2022-12-10 01:00:00,0.0
2022-12-10 02:00:00,0.0
2022-12-10 03:00:00,0.0
2022-12-10 04:00:00,0.0
2022-12-10 05:00:00,0.0
2022-12-10 06:00:00,0.0
2022-12-10 07:00:00,2.7803491859231144
2022-12-10 08:00:00,3.6188472766662017
2022-12-10 09:00:00,7.030024021980353
2022-12-10 10:00:00,4.719951921375468
2022-12-10 11:00:00,2.449109149223659
2022-12-10 12:00:00,0.0656533333240075
2022-12-10 13:00:00,0.0
2022-12-10 14:00:00,0.0
2022-12-10 15:00:00,0.0
2022-12-10 16:00:00,0.0
2022-12-10 17:00:00,0.0
2022-12-10 18:00:00,0.0
2022-12-10 19:00:00,0.0
2022-12-10 20:00:00,0.0
2022-12-10 21:00:00,0.0
2022-12-10 22:00:00,0.0
2022-12-10 23:00:00,0.0
2022-12-11 00:00:00,0.0
2022-12-11 01:00:00,0.0
2022-12-11 02:00:00,0.0
2022-12-11 03:00:00,0.0
2022-12-11 04:00:00,0.0
2022-12-11 05:00:00,0.0
2022-12-11 06:00:00,0.0
2022-12-11 07:00:00,0.0
2022-12-11 08:00:00,0.023973935458343303
2022-12-11 09:00:00,0.6346969853038897
2022-12-11 10:00:00,0.5266076798434368
2022-12-11 11:00:00,1.0277045194525272
2022-12-11 12:00:00,0.2286659384262746
2022-12-11 13:00:00,0.0
2022-12-11 14:00:00,0.0
2022-12-11 15:00:00,0.0
2022-12-11 16:00:00,0.0
2022-12-11 17:00:00,0.0
2022-12-11 18:00:00,0.0
2022-12-11 19:00:00,0.0
2022-12-11 20:00:00,0.0
2022-12-11 21:00:00,0.0
2022-12-11 22:00:00,0.0
2022-12-11 23:00:00,0.0
2022-12-12 00:00:00,0.0
2022-12-12 01:00:00,0.0
2022-12-12 02:00:00,0.0
2022-12-12 03:00:00,0.0
2022-12-12 04:00:00,0.0
2022-12-12 05:00:00,0.0
2022-12-12 06:00:00,0.0
2022-12-12 07:00:00,0.0065263158176094
2022-12-12 08:00:00,1.0556955291540362
2022-12-12 09:00:00,1.3528634941321798
2022-12-12 10:00:00,2.118887717486359
2022-12-12 11:00:00,2.7017773241968825
2022-12-12 12:00:00,1.6973997359746136
2022-12-12 13:00:00,0.14593076921300951
2022-12-12 14:00:00,0.0
2022-12-12 15:00:00,0.0
2022-12-12 16:00:00,0.0
2022-12-12 17:00:00,0.0
2022-12-12 18:00:00,0.0
2022-12-12 19:00:00,0.0
2022-12-12 20:00:00,0.0
2022-12-12 21:00:00,0.0
2022-12-12 22:00:00,0.0
2022-12-12 23:00:00,0.0
2022-12-13 00:00:00,0.0
2022-12-13 01:00:00,0.0
2022-12-13 02:00:00,0.0
2022-12-13 03:00:00,0.0
2022-12-13 04:00:00,0.0
2022-12-13 05:00:00,0.0
2022-12-13 06:00:00,0.0
2022-12-13 07:00:00,0.0
2022-12-13 08:00:00,0.0986631299601865
2022-12-13 09:00:00,0.7802661515888756
2022-12-13 10:00:00,0.8637303459690882
2022-12-13 11:00:00,0.2418285997118799
2022-12-13 12:00:00,0.0
2022-12-13 13:00:00,0.0
2022-12-13 14:00:00,0.0
2022-12-13 15:00:00,0.0
2022-12-13 16:00:00,0.0
2022-12-13 17:00:00,0.0
2022-12-13 18:00:00,0.0
2022-12-13 19:00:00,0.0
2022-12-13 20:00:00,0.0
2022-12-13 21:00:00,0.0
2022-12-13 22:00:00,0.0
2022-12-13 23:00:00,0.0
2022-12-14 00:00:00,0.0
2022-12-14 01:00:00,0.0
2022-12-14 02:00:00,0.0
2022-12-14 03:00:00,0.0
2022-12-14 04:00:00,0.0
2022-12-14 05:00:00,0.0
2022-12-14 06:00:00,0.0
2022-12-14 07:00:00,0.0
2022-12-14 08:00:00,0.4561459119431674
2022-12-14 09:00:00,0.3163452950539065
2022-12-14 10:00:00,2.0799791055032983
2022-12-14 11:00:00,6.6410332198720425
2022-12-14 12:00:00,2.567009601101745
2022-12-14 13:00:00,1.127640099846758
2022-12-14 14:00:00,0.0
2022-12-14 15:00:00,0.0
2022-12-14 16:00:00,0.0
2022-12-14 17:00:00,0.0
2022-12-14 18:00:00,0.0
2022-12-14 19:00:00,0.0
2022-12-14 20:00:00,0.0
2022-12-14 21:00:00,0.0
2022-12-14 22:00:00,0.0
2022-12-14 23:00:00,0.0
2022-12-15 00:00:00,0.0
2022-12-15 01:00:00,0.0
2022-12-15 02:00:00,0.0
2022-12-15 03:00:00,0.0
2022-12-15 04:00:00,0.0
2022-12-15 05:00:00,0.0
2022-12-15 06:00:00,0.0
2022-12-15 07:00:00,0.0702137875487095
2022-12-15 08:00:00,0.9693107659113591
2022-12-15 09:00:00,2.8063522097072564
2022-12-15 10:00:00,4.629626030917279
2022-12-15 11:00:00,3.212030074384529
2022-12-15 12:00:00,1.5825902497163042
2022-12-15 13:00:00,0.1725149178528226
2022-12-15 14:00:00,0.0
2022-12-15 15:00:00,0.0
2022-12-15 16:00:00,0.0
2022-12-15 17:00:00,0.0
2022-12-15 18:00:00,0.0
2022-12-15 19:00:00,0.0
2022-12-15 20:00:00,0.0
2022-12-15 21:00:00,0.0
2022-12-15 22:00:00,0.0
2022-12-15 23:00:00,0.0
2022-12-16 00:00:00,0.0
2022-12-16 01:00:00,0.0
2022-12-16 02:00:00,0.0
2022-12-16 03:00:00,0.0
2022-12-16 04:00:00,0.0
2022-12-16 05:00:00,0.0
2022-12-16 06:00:00,0.0
2022-12-16 07:00:00,0.0
2022-12-16 08:00:00,0.0586666666786186
2022-12-16 09:00:00,0.21827566577121588
2022-12-16 10:00:00,0.7220923459972253
2022-12-16 11:00:00,0.1745961100677958
2022-12-16 12:00:00,0.041195189638528903
2022-12-16 13:00:00,0.0806234233896247
2022-12-16 14:00:00,0.0
2022-12-16 15:00:00,0.0
2022-12-16 16:00:00,0.0
2022-12-16 17:00:00,0.0
2022-12-16 18:00:00,0.0
2022-12-16 19:00:00,0.0
2022-12-16 20:00:00,0.0
2022-12-16 21:00:00,0.0
2022-12-16 22:00:00,0.0
2022-12-16 23:00:00,0.0
2022-12-17 00:00:00,0.0
2022-12-17 01:00:00,0.0
2022-12-17 02:00:00,0.0
2022-12-17 03:00:00,0.0
2022-12-17 04:00:00,0.0
2022-12-17 05:00:00,0.0
2022-12-17 06:00:00,0.0
2022-12-17 07:00:00,0.0
2022-12-17 08:00:00,0.0
2022-12-17 09:00:00,0.0182083333493209
2022-12-17 10:00:00,0.046802995726466
2022-12-17 11:00:00,0.0403651030501349
2022-12-17 12:00:00,0.0
2022-12-17 13:00:00,0.0
2022-12-17 14:00:00,0.0
2022-12-17 15:00:00,0.0
2022-12-17 16:00:00,0.0
2022-12-17 17:00:00,0.0
2022-12-17 18:00:00,0.0
2022-12-17 19:00:00,0.0
2022-12-17 20:00:00,0.0
2022-12-17 21:00:00,0.0
2022-12-17 22:00:00,0.0
2022-12-17 23:00:00,0.0
2022-12-18 00:00:00,0.0
2022-12-18 01:00:00,0.0
2022-12-18 02:00:00,0.0
2022-12-18 03:00:00,0.0
2022-12-18 04:00:00,0.0
2022-12-18 05:00:00,0.0
2022-12-18 06:00:00,0.0
2022-12-18 07:00:00,0.0
2022-12-18 08:00:00,0.0892054794239811
2022-12-18 09:00:00,1.8618810776388273
2022-12-18 10:00:00,1.4313069844502022
2022-12-18 11:00:00,0.7653181836358269
2022-12-18 12:00:00,0.3026816746569237
2022-12-18 13:00:00,0.0
2022-12-18 14:00:00,0.0
2022-12-18 15:00:00,0.0
2022-12-18 16:00:00,0.0
2022-12-18 17:00:00,0.0
2022-12-18 18:00:00,0.0
2022-12-18 19:00:00,0.0
2022-12-18 20:00:00,0.0
2022-12-18 21:00:00,0.0
2022-12-18 22:00:00,0.0
2022-12-18 23:00:00,0.0
2022-12-19 00:00:00,0.0
2022-12-19 01:00:00,0.0
2022-12-19 02:00:00,0.0
2022-12-19 03:00:00,0.0
2022-12-19 04:00:00,0.0
2022-12-19 05:00:00,0.0
2022-12-19 06:00:00,0.0
2022-12-19 07:00:00,0.0
2022-12-19 08:00:00,0.061155996343586295
2022-12-19 09:00:00,2.495605614501983
2022-12-19 10:00:00,5.865063047967851
2022-12-19 11:00:00,6.198482155858073
2022-12-19 12:00:00,4.659868018818088
2022-12-19 13:00:00,1.5995336518972179
2022-12-19 14:00:00,0.0
2022-12-19 15:00:00,0.0
2022-12-19 16:00:00,0.0
2022-12-19 17:00:00,0.0
2022-12-19 18:00:00,0.0
2022-12-19 19:00:00,0.0
2022-12-19 20:00:00,0.0
2022-12-19 21:00:00,0.0
2022-12-19 22:00:00,0.0
2022-12-19 23:00:00,0.0
2022-12-20 00:00:00,0.0
2022-12-20 01:00:00,0.0
2022-12-20 02:00:00,0.0
2022-12-20 03:00:00,0.0
2022-12-20 04:00:00,0.0
2022-12-20 05:00:00,0.0
2022-12-20 06:00:00,0.0
2022-12-20 07:00:00,0.16493888583499922
2022-12-20 08:00:00,2.3652883915347047
2022-12-20 09:00:00,3.597378628735896
2022-12-20 10:00:00,6.445736828143708
2022-12-20 11:00:00,7.0414087871904485
2022-12-20 12:00:00,6.9849003734998405
2022-12-20 13:00:00,2.7774590470362455
2022-12-20 14:00:00,0.1958235294441692
2022-12-20 15:00:00,0.0
2022-12-20 16:00:00,0.0
2022-12-20 17:00:00,0.0
2022-12-20 18:00:00,0.0
2022-12-20 19:00:00,0.0
2022-12-20 20:00:00,0.0
2022-12-20 21:00:00,0.0
2022-12-20 22:00:00,0.0
2022-12-20 23:00:00,0.0
2022-12-21 00:00:00,0.0
2022-12-21 01:00:00,0.0
2022-12-21 02:00:00,0.0
2022-12-21 03:00:00,0.0
2022-12-21 04:00:00,0.0
2022-12-21 05:00:00,0.0
2022-12-21 06:00:00,0.2215111111290753
2022-12-21 07:00:00,3.2817115624202415
2022-12-21 08:00:00,9.79457657400053
2022-12-21 09:00:00,15.49467300059041
2022-12-21 10:00:00,20.608629494148772
2022-12-21 11:00:00,25.887324538256507
2022-12-21 12:00:00,16.305618551385123
2022-12-21 13:00:00,12.545045397884678
2022-12-21 14:00:00,4.772712541220244
2022-12-21 15:00:00,0.0
2022-12-21 16:00:00,0.0
2022-12-21 17:00:00,0.0
2022-12-21 18:00:00,0.0
2022-12-21 19:00:00,0.0
2022-12-21 20:00:00,0.0
2022-12-21 21:00:00,0.0
2022-12-21 22:00:00,0.0
2022-12-21 23:00:00,0.0
2022-12-22 00:00:00,0.0
2022-12-22 01:00:00,0.0
2022-12-22 02:00:00,0.0
2022-12-22 03:00:00,0.0
2022-12-22 04:00:00,0.0
2022-12-22 05:00:00,0.0
2022-12-22 06:00:00,0.6996032258030026
2022-12-22 07:00:00,11.319919770699926
2022-12-22 08:00:00,15.559169207233936
2022-12-22 09:00:00,45.523397766868584
2022-12-22 10:00:00,68.55319843889447
2022-12-22 11:00:00,47.051765682699624
2022-12-22 12:00:00,23.29698056943016
2022-12-22 13:00:00,11.83139710809337
2022-12-22 14:00:00,2.4279056449304335
2022-12-22 15:00:00,0.0
2022-12-22 16:00:00,0.0
2022-12-22 17:00:00,0.0
2022-12-22 18:00:00,0.0
2022-12-22 19:00:00,0.0
2022-12-22 20:00:00,0.0
2022-12-22 21:00:00,0.0
2022-12-22 22:00:00,0.0
2022-12-22 23:00:00,0.0
2022-12-23 00:00:00,0.0
2022-12-23 01:00:00,0.0
2022-12-23 02:00:00,0.0
2022-12-23 03:00:00,0.0
2022-12-23 04:00:00,0.0
2022-12-23 05:00:00,0.0
2022-12-23 06:00:00,0.0
2022-12-23 07:00:00,0.2654488189145922
2022-12-23 08:00:00,5.069151958683506
2022-12-23 09:00:00,7.112998754077125
2022-12-23 10:00:00,8.089860226667952
2022-12-23 11:00:00,8.820122430101037
2022-12-23 12:00:00,5.577726968855131
2022-12-23 13:00:00,2.6122770085348748
2022-12-23 14:00:00,0.0
2022-12-23 15:00:00,0.0
2022-12-23 16:00:00,0.0
2022-12-23 17:00:00,0.0
2022-12-23 18:00:00,0.0
2022-12-23 19:00:00,0.0
2022-12-23 20:00:00,0.0
2022-12-23 21:00:00,0.0
2022-12-23 22:00:00,0.0
2022-12-23 23:00:00,0.0
2022-12-24 00:00:00,0.0
2022-12-24 01:00:00,0.0
2022-12-24 02:00:00,0.0
2022-12-24 03:00:00,0.0
2022-12-24 04:00:00,0.0
2022-12-24 05:00:00,0.0
2022-12-24 06:00:00,0.0
2022-12-24 07:00:00,2.9621328074135818
2022-12-24 08:00:00,11.461944696085993
2022-12-24 09:00:00,22.523148970329203
2022-12-24 10:00:00,22.900146169238724
2022-12-24 11:00:00,19.32220691803377
2022-12-24 12:00:00,15.337394640373532
2022-12-24 13:00:00,17.041477381717414
2022-12-24 14:00:00,3.393833832873497
2022-12-24 15:00:00,0.0
2022-12-24 16:00:00,0.0
2022-12-24 17:00:00,0.0
2022-12-24 18:00:00,0.0
2022-12-24 19:00:00,0.0
2022-12-24 20:00:00,0.0
2022-12-24 21:00:00,0.0
2022-12-24 22:00:00,0.0
2022-12-24 23:00:00,0.0
2022-12-25 00:00:00,0.0
2022-12-25 01:00:00,0.0
2022-12-25 02:00:00,0.0
2022-12-25 03:00:00,0.0
2022-12-25 04:00:00,0.0
2022-12-25 05:00:00,0.0
2022-12-25 06:00:00,2.1305180696654133
2022-12-25 07:00:00,7.67734988196753
2022-12-25 08:00:00,11.420471918594558
2022-12-25 09:00:00,40.966041569481604
2022-12-25 10:00:00,51.62412809673697
2022-12-25 11:00:00,39.91195995779708
2022-12-25 12:00:00,35.45116926607443
2022-12-25 13:00:00,12.501876535709016
2022-12-25 14:00:00,1.6439524415764029
2022-12-25 15:00:00,0.0
2022-12-25 16:00:00,0.0
2022-12-25 17:00:00,0.0
2022-12-25 18:00:00,0.0
2022-12-25 19:00:00,0.0
2022-12-25 20:00:00,0.0
2022-12-25 21:00:00,0.0
2022-12-25 22:00:00,0.0
2022-12-25 23:00:00,0.0
2022-12-26 00:00:00,0.0
2022-12-26 01:00:00,0.0
2022-12-26 02:00:00,0.0
2022-12-26 03:00:00,0.0
2022-12-26 04:00:00,0.0
2022-12-26 05:00:00,0.0
2022-12-26 06:00:00,2.8399340670439415
2022-12-26 07:00:00,27.482298383431043
2022-12-26 08:00:00,51.3449273405713
2022-12-26 09:00:00,64.58047755877487
2022-12-26 10:00:00,17.85222946794238
2022-12-26 11:00:00,25.14740179508226
2022-12-26 12:00:00,21.09013403468998
2022-12-26 13:00:00,10.221991054422688
2022-12-26 14:00:00,1.7220272445701994
2022-12-26 15:00:00,0.0
2022-12-26 16:00:00,0.0
2022-12-26 17:00:00,0.0
2022-12-26 18:00:00,0.0
2022-12-26 19:00:00,0.0
2022-12-26 20:00:00,0.0
2022-12-26 21:00:00,0.0
2022-12-26 22:00:00,0.0
2022-12-26 23:00:00,0.0
2022-12-27 00:00:00,0.0
2022-12-27 01:00:00,0.0
2022-12-27 02:00:00,0.0
2022-12-27 03:00:00,0.0
2022-12-27 04:00:00,0.0
2022-12-27 05:00:00,0.0
2022-12-27 06:00:00,0.3213043478317559
2022-12-27 07:00:00,6.169262849201914
2022-12-27 08:00:00,29.202494863886386
2022-12-27 09:00:00,54.385436718701385
2022-12-27 10:00:00,64.86589296301827
2022-12-27 11:00:00,79.94814613374183
2022-12-27 12:00:00,66.33498449524632
2022-12-27 13:00:00,35.904980995401274
2022-12-27 14:00:00,4.527960498584434
2022-12-27 15:00:00,0.0
2022-12-27 16:00:00,0.0
2022-12-27 17:00:00,0.0
2022-12-27 18:00:00,0.0
2022-12-27 19:00:00,0.0
2022-12-27 20:00:00,0.0
2022-12-27 21:00:00,0.0
2022-12-27 22:00:00,0.0
2022-12-27 23:00:00,0.0
2022-12-28 00:00:00,0.0
2022-12-28 01:00:00,0.0
2022-12-28 02:00:00,0.0
2022-12-28 03:00:00,0.0
2022-12-28 04:00:00,0.0
2022-12-28 05:00:00,0.0
2022-12-28 06:00:00,3.5615384445991367
2022-12-28 07:00:00,19.711597080691718
2022-12-28 08:00:00,19.072289954521693
2022-12-28 09:00:00,16.892104222381022
2022-12-28 10:00:00,80.3005579985911
2022-12-28 11:00:00,85.53490933938885
2022-12-28 12:00:00,63.08775118517224
2022-12-28 13:00:00,37.146662359067705
2022-12-28 14:00:00,9.674846961686853
2022-12-28 15:00:00,0.0
2022-12-28 16:00:00,0.0
2022-12-28 17:00:00,0.0
2022-12-28 18:00:00,0.0
2022-12-28 19:00:00,0.0
2022-12-28 20:00:00,0.0
2022-12-28 21:00:00,0.0
2022-12-28 22:00:00,0.0
2022-12-28 23:00:00,0.0
2022-12-29 00:00:00,0.0
2022-12-29 01:00:00,0.0
2022-12-29 02:00:00,0.0
2022-12-29 03:00:00,0.0
2022-12-29 04:00:00,0.0
2022-12-29 05:00:00,0.0
2022-12-29 06:00:00,0.820436934242025
2022-12-29 07:00:00,8.494378423201852
2022-12-29 08:00:00,35.04505694139516
2022-12-29 09:00:00,63.0685495477519
2022-12-29 10:00:00,64.43481413059635
2022-12-29 11:00:00,69.48562686110381
2022-12-29 12:00:00,63.4381790937623
2022-12-29 13:00:00,25.361245053994935
2022-12-29 14:00:00,6.998043915780727
2022-12-29 15:00:00,0.0
2022-12-29 16:00:00,0.0
2022-12-29 17:00:00,0.0
2022-12-29 18:00:00,0.0
2022-12-29 19:00:00,0.0
2022-12-29 20:00:00,0.0
2022-12-29 21:00:00,0.0
2022-12-29 22:00:00,0.0
2022-12-29 23:00:00,0.0
2022-12-30 00:00:00,0.0
2022-12-30 01:00:00,0.0
2022-12-30 02:00:00,0.0
2022-12-30 03:00:00,0.0
2022-12-30 04:00:00,0.0
2022-12-30 05:00:00,0.0
2022-12-30 06:00:00,1.9168374180444516
2022-12-30 07:00:00,8.880867783969734
2022-12-30 08:00:00,10.910879822215065
2022-12-30 09:00:00,45.943937617121264
2022-12-30 10:00:00,76.68762449448695
2022-12-30 11:00:00,31.470321290544234
2022-12-30 12:00:00,15.774081848503556
2022-12-30 13:00:00,3.880874657188542
2022-12-30 14:00:00,0.0
2022-12-30 15:00:00,0.0
2022-12-30 16:00:00,0.0
2022-12-30 17:00:00,0.0
2022-12-30 18:00:00,0.0
2022-12-30 19:00:00,0.0
2022-12-30 20:00:00,0.0
2022-12-30 21:00:00,0.0
2022-12-30 22:00:00,0.0
2022-12-30 23:00:00,0.0
2022-12-31 00:00:00,0.0
2022-12-31 01:00:00,0.0
2022-12-31 02:00:00,0.0
2022-12-31 03:00:00,0.0
2022-12-31 04:00:00,0.0
2022-12-31 05:00:00,0.0
2022-12-31 06:00:00,3.449277396022808
2022-12-31 07:00:00,13.026522477157414
2022-12-31 08:00:00,13.156503026606515
2022-12-31 09:00:00,41.13249496818753
2022-12-31 10:00:00,75.97433125932002
2022-12-31 11:00:00,73.82442718971288
2022-12-31 12:00:00,50.27220958098769
2022-12-31 13:00:00,31.33580309082754
2022-12-31 14:00:00,6.479348815919366
2022-12-31 15:00:00,0.0
2022-12-31 16:00:00,0.0
2022-12-31 17:00:00,0.0
2022-12-31 18:00:00,0.0
2022-12-31 19:00:00,0.0
2022-12-31 20:00:00,0.0
2022-12-31 21:00:00,0.0
